CREATE TABLE `activity_info` (
  `id` bigint(20) NOT NULL AUTO_INCREMENT COMMENT '活动id',
  `activity_name` varchar(200) DEFAULT NULL COMMENT '活动名称',
  `activity_type` varchar(10) DEFAULT NULL COMMENT '活动类型',
  `activity_desc` varchar(2000) DEFAULT NULL COMMENT '活动描述',
  `start_time` datetime DEFAULT NULL COMMENT '开始时间',
  `end_time` datetime DEFAULT NULL COMMENT '结束时间',
  `create_time` datetime DEFAULT NULL COMMENT '创建时间',
  PRIMARY KEY (`id`)
) ENGINE=InnoDB AUTO_INCREMENT=3 DEFAULT CHARSET=utf8 COMMENT='活动表';

/*Data for the table `activity_info` */

insert  into `activity_info`(`id`,`activity_name`,`activity_type`,`activity_desc`,`start_time`,`end_time`,`create_time`) values 
(1,'联想品牌优惠活动','2201','满减活动 ','2023-03-27 17:11:09','2023-03-29 17:11:12','2023-03-27 17:11:16'),
(2,'女生节优惠活动','2201','满减活动 ','2023-04-08 18:08:55','2023-04-08 18:09:04','2023-04-01 18:09:11');

/*Table structure for table `activity_order` */

CREATE TABLE `activity_order` (
  `id` bigint(20) NOT NULL AUTO_INCREMENT COMMENT '编号',
  `activity_id` bigint(20) DEFAULT NULL COMMENT '活动id ',
  `order_id` bigint(20) DEFAULT NULL COMMENT '订单编号',
  `create_time` datetime DEFAULT NULL COMMENT '发生日期',
  PRIMARY KEY (`id`)
) ENGINE=InnoDB AUTO_INCREMENT=246 DEFAULT CHARSET=utf8 COMMENT='活动与订单关联表';

/*Data for the table `activity_order` */

insert  into `activity_order`(`id`,`activity_id`,`order_id`,`create_time`) values 
(239,2,3236,'2023-04-01 19:14:36'),
(240,1,3237,'2023-04-01 19:14:36'),
(241,2,3239,'2023-04-01 19:14:36'),
(242,1,3244,'2023-04-01 19:14:36'),
(243,2,3246,'2023-04-01 19:14:36'),
(244,1,3249,'2023-04-01 19:14:36'),
(245,2,3251,'2023-04-01 19:14:36');

/*Table structure for table `activity_rule` */

CREATE TABLE `activity_rule` (
  `id` int(11) NOT NULL COMMENT '编号',
  `activity_id` int(11) DEFAULT NULL COMMENT '类型',
  `condition_amount` decimal(16,2) DEFAULT NULL COMMENT '满减金额',
  `condition_num` bigint(20) DEFAULT NULL COMMENT '满减件数',
  `benefit_amount` decimal(16,2) DEFAULT NULL COMMENT '优惠金额',
  `benefit_discount` bigint(20) DEFAULT NULL COMMENT '优惠折扣',
  `benefit_level` bigint(20) DEFAULT NULL COMMENT '优惠级别',
  PRIMARY KEY (`id`)
) ENGINE=InnoDB DEFAULT CHARSET=utf8 COMMENT='优惠规则';

/*Data for the table `activity_rule` */

insert  into `activity_rule`(`id`,`activity_id`,`condition_amount`,`condition_num`,`benefit_amount`,`benefit_discount`,`benefit_level`) values 
(1,1,100.00,0,5.00,NULL,1),
(2,1,200.00,0,15.00,NULL,2),
(3,1,300.00,0,45.00,NULL,3),
(4,1,NULL,NULL,9.00,2,1);

/*Table structure for table `activity_sku` */

CREATE TABLE `activity_sku` (
  `id` bigint(20) NOT NULL AUTO_INCREMENT COMMENT '编号',
  `activity_id` bigint(20) DEFAULT NULL COMMENT '活动id ',
  `sku_id` bigint(20) DEFAULT NULL COMMENT 'sku_id',
  `create_time` datetime DEFAULT NULL COMMENT '创建时间',
  PRIMARY KEY (`id`)
) ENGINE=InnoDB AUTO_INCREMENT=7 DEFAULT CHARSET=utf8 COMMENT='活动参与商品';

/*Data for the table `activity_sku` */

insert  into `activity_sku`(`id`,`activity_id`,`sku_id`,`create_time`) values 
(1,1,11,'2023-03-27 17:12:47'),
(2,1,12,'2023-03-27 17:12:52'),
(3,1,13,'2023-03-27 17:12:54'),
(4,2,14,'2023-04-01 18:38:22'),
(5,2,15,'2023-04-01 18:38:17'),
(6,2,16,'2023-04-01 18:38:25');

/*Table structure for table `base_category1` */

CREATE TABLE `base_category1` (
  `id` bigint(20) NOT NULL AUTO_INCREMENT COMMENT '编号',
  `name` varchar(10) NOT NULL COMMENT '分类名称',
  PRIMARY KEY (`id`)
) ENGINE=InnoDB AUTO_INCREMENT=19 DEFAULT CHARSET=utf8 COMMENT='一级分类表';

/*Data for the table `base_category1` */

insert  into `base_category1`(`id`,`name`) values 
(1,'图书、音像、电子书刊'),
(2,'手机'),
(3,'家用电器'),
(4,'数码'),
(5,'家居家装'),
(6,'电脑办公'),
(7,'厨具'),
(8,'个护化妆'),
(9,'服饰内衣'),
(10,'钟表'),
(11,'鞋靴'),
(12,'母婴'),
(13,'礼品箱包'),
(14,'食品饮料、保健食品'),
(15,'珠宝'),
(16,'汽车用品'),
(17,'运动健康'),
(18,'玩具乐器');

/*Table structure for table `base_category2` */

CREATE TABLE `base_category2` (
  `id` bigint(20) NOT NULL AUTO_INCREMENT COMMENT '编号',
  `name` varchar(200) NOT NULL COMMENT '二级分类名称',
  `category1_id` bigint(20) DEFAULT NULL COMMENT '一级分类编号',
  PRIMARY KEY (`id`)
) ENGINE=InnoDB AUTO_INCREMENT=126 DEFAULT CHARSET=utf8 COMMENT='二级分类表';

/*Data for the table `base_category2` */

insert  into `base_category2`(`id`,`name`,`category1_id`) values 
(1,'电子书刊',1),
(2,'音像',1),
(3,'英文原版',1),
(4,'文艺',1),
(5,'少儿',1),
(6,'人文社科',1),
(7,'经管励志',1),
(8,'生活',1),
(9,'科技',1),
(10,'教育',1),
(11,'港台图书',1),
(12,'其他',1),
(13,'手机通讯',2),
(14,'运营商',2),
(15,'手机配件',2),
(16,'大 家 电',3),
(17,'厨卫大电',3),
(18,'厨房小电',3),
(19,'生活电器',3),
(20,'个护健康',3),
(21,'五金家装',3),
(22,'摄影摄像',4),
(23,'数码配件',4),
(24,'智能设备',4),
(25,'影音娱乐',4),
(26,'电子教育',4),
(27,'虚拟商品',4),
(28,'家纺',5),
(29,'灯具',5),
(30,'生活日用',5),
(31,'家装软饰',5),
(32,'宠物生活',5),
(33,'电脑整机',6),
(34,'电脑配件',6),
(35,'外设产品',6),
(36,'游戏设备',6),
(37,'网络产品',6),
(38,'办公设备',6),
(39,'文具/耗材',6),
(40,'服务产品',6),
(41,'烹饪锅具',7),
(42,'刀剪菜板',7),
(43,'厨房配件',7),
(44,'水具酒具',7),
(45,'餐具',7),
(46,'酒店用品',7),
(47,'茶具/咖啡具',7),
(48,'清洁用品',8),
(49,'面部护肤',8),
(50,'身体护理',8),
(51,'口腔护理',8),
(52,'女性护理',8),
(53,'洗发护发',8),
(54,'香水彩妆',8),
(55,'女装',9),
(56,'男装',9),
(57,'内衣',9),
(58,'洗衣服务',9),
(59,'服饰配件',9),
(60,'钟表',10),
(61,'流行男鞋',11),
(62,'时尚女鞋',11),
(63,'奶粉',12),
(64,'营养辅食',12),
(65,'尿裤湿巾',12),
(66,'喂养用品',12),
(67,'洗护用品',12),
(68,'童车童床',12),
(69,'寝居服饰',12),
(70,'妈妈专区',12),
(71,'童装童鞋',12),
(72,'安全座椅',12),
(73,'潮流女包',13),
(74,'精品男包',13),
(75,'功能箱包',13),
(76,'礼品',13),
(77,'奢侈品',13),
(78,'婚庆',13),
(79,'进口食品',14),
(80,'地方特产',14),
(81,'休闲食品',14),
(82,'粮油调味',14),
(83,'饮料冲调',14),
(84,'食品礼券',14),
(85,'茗茶',14),
(86,'时尚饰品',15),
(87,'黄金',15),
(88,'K金饰品',15),
(89,'金银投资',15),
(90,'银饰',15),
(91,'钻石',15),
(92,'翡翠玉石',15),
(93,'水晶玛瑙',15),
(94,'彩宝',15),
(95,'铂金',15),
(96,'木手串/把件',15),
(97,'珍珠',15),
(98,'维修保养',16),
(99,'车载电器',16),
(100,'美容清洗',16),
(101,'汽车装饰',16),
(102,'安全自驾',16),
(103,'汽车服务',16),
(104,'赛事改装',16),
(105,'运动鞋包',17),
(106,'运动服饰',17),
(107,'骑行运动',17),
(108,'垂钓用品',17),
(109,'游泳用品',17),
(110,'户外鞋服',17),
(111,'户外装备',17),
(112,'健身训练',17),
(113,'体育用品',17),
(114,'适用年龄',18),
(115,'遥控/电动',18),
(116,'毛绒布艺',18),
(117,'娃娃玩具',18),
(118,'模型玩具',18),
(119,'健身玩具',18),
(120,'动漫玩具',18),
(121,'益智玩具',18),
(122,'积木拼插',18),
(123,'DIY玩具',18),
(124,'创意减压',18),
(125,'乐器',18);

/*Table structure for table `base_category3` */

CREATE TABLE `base_category3` (
  `id` bigint(20) NOT NULL AUTO_INCREMENT COMMENT '编号',
  `name` varchar(200) NOT NULL COMMENT '三级分类名称',
  `category2_id` bigint(20) DEFAULT NULL COMMENT '二级分类编号',
  PRIMARY KEY (`id`)
) ENGINE=InnoDB AUTO_INCREMENT=1150 DEFAULT CHARSET=utf8 COMMENT='三级分类表';

/*Data for the table `base_category3` */

insert  into `base_category3`(`id`,`name`,`category2_id`) values 
(1,'电子书',1),
(2,'网络原创',1),
(3,'数字杂志',1),
(4,'多媒体图书',1),
(5,'音乐',2),
(6,'影视',2),
(7,'教育音像',2),
(8,'少儿',3),
(9,'商务投资',3),
(10,'英语学习与考试',3),
(11,'文学',3),
(12,'传记',3),
(13,'励志',3),
(14,'小说',4),
(15,'文学',4),
(16,'青春文学',4),
(17,'传记',4),
(18,'艺术',4),
(19,'少儿',5),
(20,'0-2岁',5),
(21,'3-6岁',5),
(22,'7-10岁',5),
(23,'11-14岁',5),
(24,'历史',6),
(25,'哲学',6),
(26,'国学',6),
(27,'政治/军事',6),
(28,'法律',6),
(29,'人文社科',6),
(30,'心理学',6),
(31,'文化',6),
(32,'社会科学',6),
(33,'经济',7),
(34,'金融与投资',7),
(35,'管理',7),
(36,'励志与成功',7),
(37,'生活',8),
(38,'健身与保健',8),
(39,'家庭与育儿',8),
(40,'旅游',8),
(41,'烹饪美食',8),
(42,'工业技术',9),
(43,'科普读物',9),
(44,'建筑',9),
(45,'医学',9),
(46,'科学与自然',9),
(47,'计算机与互联网',9),
(48,'电子通信',9),
(49,'中小学教辅',10),
(50,'教育与考试',10),
(51,'外语学习',10),
(52,'大中专教材',10),
(53,'字典词典',10),
(54,'艺术/设计/收藏',11),
(55,'经济管理',11),
(56,'文化/学术',11),
(57,'少儿',11),
(58,'工具书',12),
(59,'杂志/期刊',12),
(60,'套装书',12),
(61,'手机',13),
(62,'对讲机',13),
(63,'合约机',14),
(64,'选号中心',14),
(65,'装宽带',14),
(66,'办套餐',14),
(67,'移动电源',15),
(68,'电池/移动电源',15),
(69,'蓝牙耳机',15),
(70,'充电器/数据线',15),
(71,'苹果周边',15),
(72,'手机耳机',15),
(73,'手机贴膜',15),
(74,'手机存储卡',15),
(75,'充电器',15),
(76,'数据线',15),
(77,'手机保护套',15),
(78,'车载配件',15),
(79,'iPhone 配件',15),
(80,'手机电池',15),
(81,'创意配件',15),
(82,'便携/无线音响',15),
(83,'手机饰品',15),
(84,'拍照配件',15),
(85,'手机支架',15),
(86,'平板电视',16),
(87,'空调',16),
(88,'冰箱',16),
(89,'洗衣机',16),
(90,'家庭影院',16),
(91,'DVD/电视盒子',16),
(92,'迷你音响',16),
(93,'冷柜/冰吧',16),
(94,'家电配件',16),
(95,'功放',16),
(96,'回音壁/Soundbar',16),
(97,'Hi-Fi专区',16),
(98,'电视盒子',16),
(99,'酒柜',16),
(100,'燃气灶',17),
(101,'油烟机',17),
(102,'热水器',17),
(103,'消毒柜',17),
(104,'洗碗机',17),
(105,'料理机',18),
(106,'榨汁机',18),
(107,'电饭煲',18),
(108,'电压力锅',18),
(109,'豆浆机',18),
(110,'咖啡机',18),
(111,'微波炉',18),
(112,'电烤箱',18),
(113,'电磁炉',18),
(114,'面包机',18),
(115,'煮蛋器',18),
(116,'酸奶机',18),
(117,'电炖锅',18),
(118,'电水壶/热水瓶',18),
(119,'电饼铛',18),
(120,'多用途锅',18),
(121,'电烧烤炉',18),
(122,'果蔬解毒机',18),
(123,'其它厨房电器',18),
(124,'养生壶/煎药壶',18),
(125,'电热饭盒',18),
(126,'取暖电器',19),
(127,'净化器',19),
(128,'加湿器',19),
(129,'扫地机器人',19),
(130,'吸尘器',19),
(131,'挂烫机/熨斗',19),
(132,'插座',19),
(133,'电话机',19),
(134,'清洁机',19),
(135,'除湿机',19),
(136,'干衣机',19),
(137,'收录/音机',19),
(138,'电风扇',19),
(139,'冷风扇',19),
(140,'其它生活电器',19),
(141,'生活电器配件',19),
(142,'净水器',19),
(143,'饮水机',19),
(144,'剃须刀',20),
(145,'剃/脱毛器',20),
(146,'口腔护理',20),
(147,'电吹风',20),
(148,'美容器',20),
(149,'理发器',20),
(150,'卷/直发器',20),
(151,'按摩椅',20),
(152,'按摩器',20),
(153,'足浴盆',20),
(154,'血压计',20),
(155,'电子秤/厨房秤',20),
(156,'血糖仪',20),
(157,'体温计',20),
(158,'其它健康电器',20),
(159,'计步器/脂肪检测仪',20),
(160,'电动工具',21),
(161,'手动工具',21),
(162,'仪器仪表',21),
(163,'浴霸/排气扇',21),
(164,'灯具',21),
(165,'LED灯',21),
(166,'洁身器',21),
(167,'水槽',21),
(168,'龙头',21),
(169,'淋浴花洒',21),
(170,'厨卫五金',21),
(171,'家具五金',21),
(172,'门铃',21),
(173,'电气开关',21),
(174,'插座',21),
(175,'电工电料',21),
(176,'监控安防',21),
(177,'电线/线缆',21),
(178,'数码相机',22),
(179,'单电/微单相机',22),
(180,'单反相机',22),
(181,'摄像机',22),
(182,'拍立得',22),
(183,'运动相机',22),
(184,'镜头',22),
(185,'户外器材',22),
(186,'影棚器材',22),
(187,'冲印服务',22),
(188,'数码相框',22),
(189,'存储卡',23),
(190,'读卡器',23),
(191,'滤镜',23),
(192,'闪光灯/手柄',23),
(193,'相机包',23),
(194,'三脚架/云台',23),
(195,'相机清洁/贴膜',23),
(196,'机身附件',23),
(197,'镜头附件',23),
(198,'电池/充电器',23),
(199,'移动电源',23),
(200,'数码支架',23),
(201,'智能手环',24),
(202,'智能手表',24),
(203,'智能眼镜',24),
(204,'运动跟踪器',24),
(205,'健康监测',24),
(206,'智能配饰',24),
(207,'智能家居',24),
(208,'体感车',24),
(209,'其他配件',24),
(210,'智能机器人',24),
(211,'无人机',24),
(212,'MP3/MP4',25),
(213,'智能设备',25),
(214,'耳机/耳麦',25),
(215,'便携/无线音箱',25),
(216,'音箱/音响',25),
(217,'高清播放器',25),
(218,'收音机',25),
(219,'MP3/MP4配件',25),
(220,'麦克风',25),
(221,'专业音频',25),
(222,'苹果配件',25),
(223,'学生平板',26),
(224,'点读机/笔',26),
(225,'早教益智',26),
(226,'录音笔',26),
(227,'电纸书',26),
(228,'电子词典',26),
(229,'复读机',26),
(230,'延保服务',27),
(231,'杀毒软件',27),
(232,'积分商品',27),
(233,'桌布/罩件',28),
(234,'地毯地垫',28),
(235,'沙发垫套/椅垫',28),
(236,'床品套件',28),
(237,'被子',28),
(238,'枕芯',28),
(239,'床单被罩',28),
(240,'毯子',28),
(241,'床垫/床褥',28),
(242,'蚊帐',28),
(243,'抱枕靠垫',28),
(244,'毛巾浴巾',28),
(245,'电热毯',28),
(246,'窗帘/窗纱',28),
(247,'布艺软饰',28),
(248,'凉席',28),
(249,'台灯',29),
(250,'节能灯',29),
(251,'装饰灯',29),
(252,'落地灯',29),
(253,'应急灯/手电',29),
(254,'LED灯',29),
(255,'吸顶灯',29),
(256,'五金电器',29),
(257,'筒灯射灯',29),
(258,'吊灯',29),
(259,'氛围照明',29),
(260,'保暖防护',30),
(261,'收纳用品',30),
(262,'雨伞雨具',30),
(263,'浴室用品',30),
(264,'缝纫/针织用品',30),
(265,'洗晒/熨烫',30),
(266,'净化除味',30),
(267,'相框/照片墙',31),
(268,'装饰字画',31),
(269,'节庆饰品',31),
(270,'手工/十字绣',31),
(271,'装饰摆件',31),
(272,'帘艺隔断',31),
(273,'墙贴/装饰贴',31),
(274,'钟饰',31),
(275,'花瓶花艺',31),
(276,'香薰蜡烛',31),
(277,'创意家居',31),
(278,'宠物主粮',32),
(279,'宠物零食',32),
(280,'医疗保健',32),
(281,'家居日用',32),
(282,'宠物玩具',32),
(283,'出行装备',32),
(284,'洗护美容',32),
(285,'笔记本',33),
(286,'超极本',33),
(287,'游戏本',33),
(288,'平板电脑',33),
(289,'平板电脑配件',33),
(290,'台式机',33),
(291,'服务器/工作站',33),
(292,'笔记本配件',33),
(293,'一体机',33),
(294,'CPU',34),
(295,'主板',34),
(296,'显卡',34),
(297,'硬盘',34),
(298,'SSD固态硬盘',34),
(299,'内存',34),
(300,'机箱',34),
(301,'电源',34),
(302,'显示器',34),
(303,'刻录机/光驱',34),
(304,'散热器',34),
(305,'声卡/扩展卡',34),
(306,'装机配件',34),
(307,'组装电脑',34),
(308,'移动硬盘',35),
(309,'U盘',35),
(310,'鼠标',35),
(311,'键盘',35),
(312,'鼠标垫',35),
(313,'摄像头',35),
(314,'手写板',35),
(315,'硬盘盒',35),
(316,'插座',35),
(317,'线缆',35),
(318,'UPS电源',35),
(319,'电脑工具',35),
(320,'游戏设备',35),
(321,'电玩',35),
(322,'电脑清洁',35),
(323,'网络仪表仪器',35),
(324,'游戏机',36),
(325,'游戏耳机',36),
(326,'手柄/方向盘',36),
(327,'游戏软件',36),
(328,'游戏周边',36),
(329,'路由器',37),
(330,'网卡',37),
(331,'交换机',37),
(332,'网络存储',37),
(333,'4G/3G上网',37),
(334,'网络盒子',37),
(335,'网络配件',37),
(336,'投影机',38),
(337,'投影配件',38),
(338,'多功能一体机',38),
(339,'打印机',38),
(340,'传真设备',38),
(341,'验钞/点钞机',38),
(342,'扫描设备',38),
(343,'复合机',38),
(344,'碎纸机',38),
(345,'考勤机',38),
(346,'收款/POS机',38),
(347,'会议音频视频',38),
(348,'保险柜',38),
(349,'装订/封装机',38),
(350,'安防监控',38),
(351,'办公家具',38),
(352,'白板',38),
(353,'硒鼓/墨粉',39),
(354,'墨盒',39),
(355,'色带',39),
(356,'纸类',39),
(357,'办公文具',39),
(358,'学生文具',39),
(359,'财会用品',39),
(360,'文件管理',39),
(361,'本册/便签',39),
(362,'计算器',39),
(363,'笔类',39),
(364,'画具画材',39),
(365,'刻录碟片/附件',39),
(366,'上门安装',40),
(367,'延保服务',40),
(368,'维修保养',40),
(369,'电脑软件',40),
(370,'京东服务',40),
(371,'炒锅',41),
(372,'煎锅',41),
(373,'压力锅',41),
(374,'蒸锅',41),
(375,'汤锅',41),
(376,'奶锅',41),
(377,'锅具套装',41),
(378,'煲类',41),
(379,'水壶',41),
(380,'火锅',41),
(381,'菜刀',42),
(382,'剪刀',42),
(383,'刀具套装',42),
(384,'砧板',42),
(385,'瓜果刀/刨',42),
(386,'多功能刀',42),
(387,'保鲜盒',43),
(388,'烘焙/烧烤',43),
(389,'饭盒/提锅',43),
(390,'储物/置物架',43),
(391,'厨房DIY/小工具',43),
(392,'塑料杯',44),
(393,'运动水壶',44),
(394,'玻璃杯',44),
(395,'陶瓷/马克杯',44),
(396,'保温杯',44),
(397,'保温壶',44),
(398,'酒杯/酒具',44),
(399,'杯具套装',44),
(400,'餐具套装',45),
(401,'碗/碟/盘',45),
(402,'筷勺/刀叉',45),
(403,'一次性用品',45),
(404,'果盘/果篮',45),
(405,'自助餐炉',46),
(406,'酒店餐具',46),
(407,'酒店水具',46),
(408,'整套茶具',47),
(409,'茶杯',47),
(410,'茶壶',47),
(411,'茶盘茶托',47),
(412,'茶叶罐',47),
(413,'茶具配件',47),
(414,'茶宠摆件',47),
(415,'咖啡具',47),
(416,'其他',47),
(417,'纸品湿巾',48),
(418,'衣物清洁',48),
(419,'清洁工具',48),
(420,'驱虫用品',48),
(421,'家庭清洁',48),
(422,'皮具护理',48),
(423,'一次性用品',48),
(424,'洁面',49),
(425,'乳液面霜',49),
(426,'面膜',49),
(427,'剃须',49),
(428,'套装',49),
(429,'精华',49),
(430,'眼霜',49),
(431,'卸妆',49),
(432,'防晒',49),
(433,'防晒隔离',49),
(434,'T区护理',49),
(435,'眼部护理',49),
(436,'精华露',49),
(437,'爽肤水',49),
(438,'沐浴',50),
(439,'润肤',50),
(440,'颈部',50),
(441,'手足',50),
(442,'纤体塑形',50),
(443,'美胸',50),
(444,'套装',50),
(445,'精油',50),
(446,'洗发护发',50),
(447,'染发/造型',50),
(448,'香薰精油',50),
(449,'磨砂/浴盐',50),
(450,'手工/香皂',50),
(451,'洗发',50),
(452,'护发',50),
(453,'染发',50),
(454,'磨砂膏',50),
(455,'香皂',50),
(456,'牙膏/牙粉',51),
(457,'牙刷/牙线',51),
(458,'漱口水',51),
(459,'套装',51),
(460,'卫生巾',52),
(461,'卫生护垫',52),
(462,'私密护理',52),
(463,'脱毛膏',52),
(464,'其他',52),
(465,'洗发',53),
(466,'护发',53),
(467,'染发',53),
(468,'造型',53),
(469,'假发',53),
(470,'套装',53),
(471,'美发工具',53),
(472,'脸部护理',53),
(473,'香水',54),
(474,'底妆',54),
(475,'腮红',54),
(476,'眼影',54),
(477,'唇部',54),
(478,'美甲',54),
(479,'眼线',54),
(480,'美妆工具',54),
(481,'套装',54),
(482,'防晒隔离',54),
(483,'卸妆',54),
(484,'眉笔',54),
(485,'睫毛膏',54),
(486,'T恤',55),
(487,'衬衫',55),
(488,'针织衫',55),
(489,'雪纺衫',55),
(490,'卫衣',55),
(491,'马甲',55),
(492,'连衣裙',55),
(493,'半身裙',55),
(494,'牛仔裤',55),
(495,'休闲裤',55),
(496,'打底裤',55),
(497,'正装裤',55),
(498,'小西装',55),
(499,'短外套',55),
(500,'风衣',55),
(501,'毛呢大衣',55),
(502,'真皮皮衣',55),
(503,'棉服',55),
(504,'羽绒服',55),
(505,'大码女装',55),
(506,'中老年女装',55),
(507,'婚纱',55),
(508,'打底衫',55),
(509,'旗袍/唐装',55),
(510,'加绒裤',55),
(511,'吊带/背心',55),
(512,'羊绒衫',55),
(513,'短裤',55),
(514,'皮草',55),
(515,'礼服',55),
(516,'仿皮皮衣',55),
(517,'羊毛衫',55),
(518,'设计师/潮牌',55),
(519,'衬衫',56),
(520,'T恤',56),
(521,'POLO衫',56),
(522,'针织衫',56),
(523,'羊绒衫',56),
(524,'卫衣',56),
(525,'马甲/背心',56),
(526,'夹克',56),
(527,'风衣',56),
(528,'毛呢大衣',56),
(529,'仿皮皮衣',56),
(530,'西服',56),
(531,'棉服',56),
(532,'羽绒服',56),
(533,'牛仔裤',56),
(534,'休闲裤',56),
(535,'西裤',56),
(536,'西服套装',56),
(537,'大码男装',56),
(538,'中老年男装',56),
(539,'唐装/中山装',56),
(540,'工装',56),
(541,'真皮皮衣',56),
(542,'加绒裤',56),
(543,'卫裤/运动裤',56),
(544,'短裤',56),
(545,'设计师/潮牌',56),
(546,'羊毛衫',56),
(547,'文胸',57),
(548,'女式内裤',57),
(549,'男式内裤',57),
(550,'睡衣/家居服',57),
(551,'塑身美体',57),
(552,'泳衣',57),
(553,'吊带/背心',57),
(554,'抹胸',57),
(555,'连裤袜/丝袜',57),
(556,'美腿袜',57),
(557,'商务男袜',57),
(558,'保暖内衣',57),
(559,'情侣睡衣',57),
(560,'文胸套装',57),
(561,'少女文胸',57),
(562,'休闲棉袜',57),
(563,'大码内衣',57),
(564,'内衣配件',57),
(565,'打底裤袜',57),
(566,'打底衫',57),
(567,'秋衣秋裤',57),
(568,'情趣内衣',57),
(569,'服装洗护',58),
(570,'太阳镜',59),
(571,'光学镜架/镜片',59),
(572,'围巾/手套/帽子套装',59),
(573,'袖扣',59),
(574,'棒球帽',59),
(575,'毛线帽',59),
(576,'遮阳帽',59),
(577,'老花镜',59),
(578,'装饰眼镜',59),
(579,'防辐射眼镜',59),
(580,'游泳镜',59),
(581,'女士丝巾/围巾/披肩',59),
(582,'男士丝巾/围巾',59),
(583,'鸭舌帽',59),
(584,'贝雷帽',59),
(585,'礼帽',59),
(586,'真皮手套',59),
(587,'毛线手套',59),
(588,'防晒手套',59),
(589,'男士腰带/礼盒',59),
(590,'女士腰带/礼盒',59),
(591,'钥匙扣',59),
(592,'遮阳伞/雨伞',59),
(593,'口罩',59),
(594,'耳罩/耳包',59),
(595,'假领',59),
(596,'毛线/布面料',59),
(597,'领带/领结/领带夹',59),
(598,'男表',60),
(599,'瑞表',60),
(600,'女表',60),
(601,'国表',60),
(602,'日韩表',60),
(603,'欧美表',60),
(604,'德表',60),
(605,'儿童手表',60),
(606,'智能手表',60),
(607,'闹钟',60),
(608,'座钟挂钟',60),
(609,'钟表配件',60),
(610,'商务休闲鞋',61),
(611,'正装鞋',61),
(612,'休闲鞋',61),
(613,'凉鞋/沙滩鞋',61),
(614,'男靴',61),
(615,'功能鞋',61),
(616,'拖鞋/人字拖',61),
(617,'雨鞋/雨靴',61),
(618,'传统布鞋',61),
(619,'鞋配件',61),
(620,'帆布鞋',61),
(621,'增高鞋',61),
(622,'工装鞋',61),
(623,'定制鞋',61),
(624,'高跟鞋',62),
(625,'单鞋',62),
(626,'休闲鞋',62),
(627,'凉鞋',62),
(628,'女靴',62),
(629,'雪地靴',62),
(630,'拖鞋/人字拖',62),
(631,'踝靴',62),
(632,'筒靴',62),
(633,'帆布鞋',62),
(634,'雨鞋/雨靴',62),
(635,'妈妈鞋',62),
(636,'鞋配件',62),
(637,'特色鞋',62),
(638,'鱼嘴鞋',62),
(639,'布鞋/绣花鞋',62),
(640,'马丁靴',62),
(641,'坡跟鞋',62),
(642,'松糕鞋',62),
(643,'内增高',62),
(644,'防水台',62),
(645,'婴幼奶粉',63),
(646,'孕妈奶粉',63),
(647,'益生菌/初乳',64),
(648,'米粉/菜粉',64),
(649,'果泥/果汁',64),
(650,'DHA',64),
(651,'宝宝零食',64),
(652,'钙铁锌/维生素',64),
(653,'清火/开胃',64),
(654,'面条/粥',64),
(655,'婴儿尿裤',65),
(656,'拉拉裤',65),
(657,'婴儿湿巾',65),
(658,'成人尿裤',65),
(659,'奶瓶奶嘴',66),
(660,'吸奶器',66),
(661,'暖奶消毒',66),
(662,'儿童餐具',66),
(663,'水壶/水杯',66),
(664,'牙胶安抚',66),
(665,'围兜/防溅衣',66),
(666,'辅食料理机',66),
(667,'食物存储',66),
(668,'宝宝护肤',67),
(669,'洗发沐浴',67),
(670,'奶瓶清洗',67),
(671,'驱蚊防晒',67),
(672,'理发器',67),
(673,'洗澡用具',67),
(674,'婴儿口腔清洁',67),
(675,'洗衣液/皂',67),
(676,'日常护理',67),
(677,'座便器',67),
(678,'婴儿推车',68),
(679,'餐椅摇椅',68),
(680,'婴儿床',68),
(681,'学步车',68),
(682,'三轮车',68),
(683,'自行车',68),
(684,'电动车',68),
(685,'扭扭车',68),
(686,'滑板车',68),
(687,'婴儿床垫',68),
(688,'婴儿外出服',69),
(689,'婴儿内衣',69),
(690,'婴儿礼盒',69),
(691,'婴儿鞋帽袜',69),
(692,'安全防护',69),
(693,'家居床品',69),
(694,'睡袋/抱被',69),
(695,'爬行垫',69),
(696,'妈咪包/背婴带',70),
(697,'产后塑身',70),
(698,'文胸/内裤',70),
(699,'防辐射服',70),
(700,'孕妈装',70),
(701,'孕期营养',70),
(702,'孕妇护肤',70),
(703,'待产护理',70),
(704,'月子装',70),
(705,'防溢乳垫',70),
(706,'套装',71),
(707,'上衣',71),
(708,'裤子',71),
(709,'裙子',71),
(710,'内衣/家居服',71),
(711,'羽绒服/棉服',71),
(712,'亲子装',71),
(713,'儿童配饰',71),
(714,'礼服/演出服',71),
(715,'运动鞋',71),
(716,'皮鞋/帆布鞋',71),
(717,'靴子',71),
(718,'凉鞋',71),
(719,'功能鞋',71),
(720,'户外/运动服',71),
(721,'提篮式',72),
(722,'安全座椅',72),
(723,'增高垫',72),
(724,'钱包',73),
(725,'手拿包',73),
(726,'单肩包',73),
(727,'双肩包',73),
(728,'手提包',73),
(729,'斜挎包',73),
(730,'钥匙包',73),
(731,'卡包/零钱包',73),
(732,'男士钱包',74),
(733,'男士手包',74),
(734,'卡包名片夹',74),
(735,'商务公文包',74),
(736,'双肩包',74),
(737,'单肩/斜挎包',74),
(738,'钥匙包',74),
(739,'电脑包',75),
(740,'拉杆箱',75),
(741,'旅行包',75),
(742,'旅行配件',75),
(743,'休闲运动包',75),
(744,'拉杆包',75),
(745,'登山包',75),
(746,'妈咪包',75),
(747,'书包',75),
(748,'相机包',75),
(749,'腰包/胸包',75),
(750,'火机烟具',76),
(751,'礼品文具',76),
(752,'军刀军具',76),
(753,'收藏品',76),
(754,'工艺礼品',76),
(755,'创意礼品',76),
(756,'礼盒礼券',76),
(757,'鲜花绿植',76),
(758,'婚庆节庆',76),
(759,'京东卡',76),
(760,'美妆礼品',76),
(761,'礼品定制',76),
(762,'京东福卡',76),
(763,'古董文玩',76),
(764,'箱包',77),
(765,'钱包',77),
(766,'服饰',77),
(767,'腰带',77),
(768,'太阳镜/眼镜框',77),
(769,'配件',77),
(770,'鞋靴',77),
(771,'饰品',77),
(772,'名品腕表',77),
(773,'高档化妆品',77),
(774,'婚嫁首饰',78),
(775,'婚纱摄影',78),
(776,'婚纱礼服',78),
(777,'婚庆服务',78),
(778,'婚庆礼品/用品',78),
(779,'婚宴',78),
(780,'饼干蛋糕',79),
(781,'糖果/巧克力',79),
(782,'休闲零食',79),
(783,'冲调饮品',79),
(784,'粮油调味',79),
(785,'牛奶',79),
(786,'其他特产',80),
(787,'新疆',80),
(788,'北京',80),
(789,'山西',80),
(790,'内蒙古',80),
(791,'福建',80),
(792,'湖南',80),
(793,'四川',80),
(794,'云南',80),
(795,'东北',80),
(796,'休闲零食',81),
(797,'坚果炒货',81),
(798,'肉干肉脯',81),
(799,'蜜饯果干',81),
(800,'糖果/巧克力',81),
(801,'饼干蛋糕',81),
(802,'无糖食品',81),
(803,'米面杂粮',82),
(804,'食用油',82),
(805,'调味品',82),
(806,'南北干货',82),
(807,'方便食品',82),
(808,'有机食品',82),
(809,'饮用水',83),
(810,'饮料',83),
(811,'牛奶乳品',83),
(812,'咖啡/奶茶',83),
(813,'冲饮谷物',83),
(814,'蜂蜜/柚子茶',83),
(815,'成人奶粉',83),
(816,'月饼',84),
(817,'大闸蟹',84),
(818,'粽子',84),
(819,'卡券',84),
(820,'铁观音',85),
(821,'普洱',85),
(822,'龙井',85),
(823,'绿茶',85),
(824,'红茶',85),
(825,'乌龙茶',85),
(826,'花草茶',85),
(827,'花果茶',85),
(828,'养生茶',85),
(829,'黑茶',85),
(830,'白茶',85),
(831,'其它茶',85),
(832,'项链',86),
(833,'手链/脚链',86),
(834,'戒指',86),
(835,'耳饰',86),
(836,'毛衣链',86),
(837,'发饰/发卡',86),
(838,'胸针',86),
(839,'饰品配件',86),
(840,'婚庆饰品',86),
(841,'黄金吊坠',87),
(842,'黄金项链',87),
(843,'黄金转运珠',87),
(844,'黄金手镯/手链/脚链',87),
(845,'黄金耳饰',87),
(846,'黄金戒指',87),
(847,'K金吊坠',88),
(848,'K金项链',88),
(849,'K金手镯/手链/脚链',88),
(850,'K金戒指',88),
(851,'K金耳饰',88),
(852,'投资金',89),
(853,'投资银',89),
(854,'投资收藏',89),
(855,'银吊坠/项链',90),
(856,'银手镯/手链/脚链',90),
(857,'银戒指',90),
(858,'银耳饰',90),
(859,'足银手镯',90),
(860,'宝宝银饰',90),
(861,'裸钻',91),
(862,'钻戒',91),
(863,'钻石项链/吊坠',91),
(864,'钻石耳饰',91),
(865,'钻石手镯/手链',91),
(866,'项链/吊坠',92),
(867,'手镯/手串',92),
(868,'戒指',92),
(869,'耳饰',92),
(870,'挂件/摆件/把件',92),
(871,'玉石孤品',92),
(872,'项链/吊坠',93),
(873,'耳饰',93),
(874,'手镯/手链/脚链',93),
(875,'戒指',93),
(876,'头饰/胸针',93),
(877,'摆件/挂件',93),
(878,'琥珀/蜜蜡',94),
(879,'碧玺',94),
(880,'红宝石/蓝宝石',94),
(881,'坦桑石',94),
(882,'珊瑚',94),
(883,'祖母绿',94),
(884,'葡萄石',94),
(885,'其他天然宝石',94),
(886,'项链/吊坠',94),
(887,'耳饰',94),
(888,'手镯/手链',94),
(889,'戒指',94),
(890,'铂金项链/吊坠',95),
(891,'铂金手镯/手链/脚链',95),
(892,'铂金戒指',95),
(893,'铂金耳饰',95),
(894,'小叶紫檀',96),
(895,'黄花梨',96),
(896,'沉香木',96),
(897,'金丝楠',96),
(898,'菩提',96),
(899,'其他',96),
(900,'橄榄核/核桃',96),
(901,'檀香',96),
(902,'珍珠项链',97),
(903,'珍珠吊坠',97),
(904,'珍珠耳饰',97),
(905,'珍珠手链',97),
(906,'珍珠戒指',97),
(907,'珍珠胸针',97),
(908,'机油',98),
(909,'正时皮带',98),
(910,'添加剂',98),
(911,'汽车喇叭',98),
(912,'防冻液',98),
(913,'汽车玻璃',98),
(914,'滤清器',98),
(915,'火花塞',98),
(916,'减震器',98),
(917,'柴机油/辅助油',98),
(918,'雨刷',98),
(919,'车灯',98),
(920,'后视镜',98),
(921,'轮胎',98),
(922,'轮毂',98),
(923,'刹车片/盘',98),
(924,'维修配件',98),
(925,'蓄电池',98),
(926,'底盘装甲/护板',98),
(927,'贴膜',98),
(928,'汽修工具',98),
(929,'改装配件',98),
(930,'导航仪',99),
(931,'安全预警仪',99),
(932,'行车记录仪',99),
(933,'倒车雷达',99),
(934,'蓝牙设备',99),
(935,'车载影音',99),
(936,'净化器',99),
(937,'电源',99),
(938,'智能驾驶',99),
(939,'车载电台',99),
(940,'车载电器配件',99),
(941,'吸尘器',99),
(942,'智能车机',99),
(943,'冰箱',99),
(944,'汽车音响',99),
(945,'车载生活电器',99),
(946,'车蜡',100),
(947,'补漆笔',100),
(948,'玻璃水',100),
(949,'清洁剂',100),
(950,'洗车工具',100),
(951,'镀晶镀膜',100),
(952,'打蜡机',100),
(953,'洗车配件',100),
(954,'洗车机',100),
(955,'洗车水枪',100),
(956,'毛巾掸子',100),
(957,'脚垫',101),
(958,'座垫',101),
(959,'座套',101),
(960,'后备箱垫',101),
(961,'头枕腰靠',101),
(962,'方向盘套',101),
(963,'香水',101),
(964,'空气净化',101),
(965,'挂件摆件',101),
(966,'功能小件',101),
(967,'车身装饰件',101),
(968,'车衣',101),
(969,'安全座椅',102),
(970,'胎压监测',102),
(971,'防盗设备',102),
(972,'应急救援',102),
(973,'保温箱',102),
(974,'地锁',102),
(975,'摩托车',102),
(976,'充气泵',102),
(977,'储物箱',102),
(978,'自驾野营',102),
(979,'摩托车装备',102),
(980,'清洗美容',103),
(981,'功能升级',103),
(982,'保养维修',103),
(983,'油卡充值',103),
(984,'车险',103),
(985,'加油卡',103),
(986,'ETC',103),
(987,'驾驶培训',103),
(988,'赛事服装',104),
(989,'赛事用品',104),
(990,'制动系统',104),
(991,'悬挂系统',104),
(992,'进气系统',104),
(993,'排气系统',104),
(994,'电子管理',104),
(995,'车身强化',104),
(996,'赛事座椅',104),
(997,'跑步鞋',105),
(998,'休闲鞋',105),
(999,'篮球鞋',105),
(1000,'板鞋',105),
(1001,'帆布鞋',105),
(1002,'足球鞋',105),
(1003,'乒羽网鞋',105),
(1004,'专项运动鞋',105),
(1005,'训练鞋',105),
(1006,'拖鞋',105),
(1007,'运动包',105),
(1008,'羽绒服',106),
(1009,'棉服',106),
(1010,'运动裤',106),
(1011,'夹克/风衣',106),
(1012,'卫衣/套头衫',106),
(1013,'T恤',106),
(1014,'套装',106),
(1015,'乒羽网服',106),
(1016,'健身服',106),
(1017,'运动背心',106),
(1018,'毛衫/线衫',106),
(1019,'运动配饰',106),
(1020,'折叠车',107),
(1021,'山地车/公路车',107),
(1022,'电动车',107),
(1023,'其他整车',107),
(1024,'骑行服',107),
(1025,'骑行装备',107),
(1026,'平衡车',107),
(1027,'鱼竿鱼线',108),
(1028,'浮漂鱼饵',108),
(1029,'钓鱼桌椅',108),
(1030,'钓鱼配件',108),
(1031,'钓箱鱼包',108),
(1032,'其它',108),
(1033,'泳镜',109),
(1034,'泳帽',109),
(1035,'游泳包防水包',109),
(1036,'女士泳衣',109),
(1037,'男士泳衣',109),
(1038,'比基尼',109),
(1039,'其它',109),
(1040,'冲锋衣裤',110),
(1041,'速干衣裤',110),
(1042,'滑雪服',110),
(1043,'羽绒服/棉服',110),
(1044,'休闲衣裤',110),
(1045,'抓绒衣裤',110),
(1046,'软壳衣裤',110),
(1047,'T恤',110),
(1048,'户外风衣',110),
(1049,'功能内衣',110),
(1050,'军迷服饰',110),
(1051,'登山鞋',110),
(1052,'雪地靴',110),
(1053,'徒步鞋',110),
(1054,'越野跑鞋',110),
(1055,'休闲鞋',110),
(1056,'工装鞋',110),
(1057,'溯溪鞋',110),
(1058,'沙滩/凉拖',110),
(1059,'户外袜',110),
(1060,'帐篷/垫子',111),
(1061,'睡袋/吊床',111),
(1062,'登山攀岩',111),
(1063,'户外配饰',111),
(1064,'背包',111),
(1065,'户外照明',111),
(1066,'户外仪表',111),
(1067,'户外工具',111),
(1068,'望远镜',111),
(1069,'旅游用品',111),
(1070,'便携桌椅床',111),
(1071,'野餐烧烤',111),
(1072,'军迷用品',111),
(1073,'救援装备',111),
(1074,'滑雪装备',111),
(1075,'极限户外',111),
(1076,'冲浪潜水',111),
(1077,'综合训练器',112),
(1078,'其他大型器械',112),
(1079,'哑铃',112),
(1080,'仰卧板/收腹机',112),
(1081,'其他中小型器材',112),
(1082,'瑜伽舞蹈',112),
(1083,'甩脂机',112),
(1084,'踏步机',112),
(1085,'武术搏击',112),
(1086,'健身车/动感单车',112),
(1087,'跑步机',112),
(1088,'运动护具',112),
(1089,'羽毛球',113),
(1090,'乒乓球',113),
(1091,'篮球',113),
(1092,'足球',113),
(1093,'网球',113),
(1094,'排球',113),
(1095,'高尔夫',113),
(1096,'台球',113),
(1097,'棋牌麻将',113),
(1098,'轮滑滑板',113),
(1099,'其他',113),
(1100,'0-6个月',114),
(1101,'6-12个月',114),
(1102,'1-3岁',114),
(1103,'3-6岁',114),
(1104,'6-14岁',114),
(1105,'14岁以上',114),
(1106,'遥控车',115),
(1107,'遥控飞机',115),
(1108,'遥控船',115),
(1109,'机器人',115),
(1110,'轨道/助力',115),
(1111,'毛绒/布艺',116),
(1112,'靠垫/抱枕',116),
(1113,'芭比娃娃',117),
(1114,'卡通娃娃',117),
(1115,'智能娃娃',117),
(1116,'仿真模型',118),
(1117,'拼插模型',118),
(1118,'收藏爱好',118),
(1119,'炫舞毯',119),
(1120,'爬行垫/毯',119),
(1121,'户外玩具',119),
(1122,'戏水玩具',119),
(1123,'电影周边',120),
(1124,'卡通周边',120),
(1125,'网游周边',120),
(1126,'摇铃/床铃',121),
(1127,'健身架',121),
(1128,'早教启智',121),
(1129,'拖拉玩具',121),
(1130,'积木',122),
(1131,'拼图',122),
(1132,'磁力棒',122),
(1133,'立体拼插',122),
(1134,'手工彩泥',123),
(1135,'绘画工具',123),
(1136,'情景玩具',123),
(1137,'减压玩具',124),
(1138,'创意玩具',124),
(1139,'钢琴',125),
(1140,'电子琴/电钢琴',125),
(1141,'吉他/尤克里里',125),
(1142,'打击乐器',125),
(1143,'西洋管弦',125),
(1144,'民族管弦乐器',125),
(1145,'乐器配件',125),
(1146,'电脑音乐',125),
(1147,'工艺礼品乐器',125),
(1148,'口琴/口风琴/竖笛',125),
(1149,'手风琴',125);

/*Table structure for table `base_dic` */

CREATE TABLE `base_dic` (
  `dic_code` varchar(10) NOT NULL COMMENT '编号',
  `dic_name` varchar(100) DEFAULT NULL COMMENT '编码名称',
  `parent_code` varchar(10) DEFAULT NULL COMMENT '父编号',
  `create_time` datetime DEFAULT NULL COMMENT '创建日期',
  `operate_time` datetime DEFAULT NULL COMMENT '修改日期',
  PRIMARY KEY (`dic_code`)
) ENGINE=InnoDB DEFAULT CHARSET=utf8 COMMENT='编码字典表';

/*Data for the table `base_dic` */

insert  into `base_dic`(`dic_code`,`dic_name`,`parent_code`,`create_time`,`operate_time`) values 
('10','单据状态',NULL,NULL,NULL),
('1001','未支付','10',NULL,NULL),
('1002','已支付','10',NULL,NULL),
('1003','已取消','10',NULL,NULL),
('1004','已完成','10',NULL,NULL),
('1005','退款中','10',NULL,NULL),
('1006','退款完成','10',NULL,NULL),
('11','支付状态',NULL,NULL,NULL),
('1101','支付宝','11',NULL,NULL),
('1102','微信','11',NULL,NULL),
('1103','银联','11',NULL,NULL),
('12','评价',NULL,NULL,NULL),
('1201','好评','12',NULL,NULL),
('1202','中评','12',NULL,NULL),
('1203','差评','12',NULL,NULL),
('1204','自动','12',NULL,NULL),
('13','退货原因',NULL,NULL,NULL),
('1301','质量问题','13',NULL,NULL),
('1302','商品描述与实际描述不一致','13',NULL,NULL),
('1303','缺货','13',NULL,NULL),
('1304','号码不合适','13',NULL,NULL),
('1305','拍错','13',NULL,NULL),
('1306','不想买了','13',NULL,NULL),
('1307','其他','13',NULL,NULL),
('14','购物券状态',NULL,NULL,NULL),
('1401','未使用','14',NULL,NULL),
('1402','使用中','14',NULL,NULL),
('1403','已使用','14',NULL,NULL),
('15','退款类型',NULL,NULL,NULL),
('1501','仅退款','15',NULL,NULL),
('1502','退货退款','15',NULL,NULL),
('24','来源类型','',NULL,NULL),
('2401','用户查询','24',NULL,NULL),
('2402','商品推广','24',NULL,NULL),
('2403','智能推荐','24',NULL,NULL),
('2404','促销活动','2404',NULL,NULL);

/*Table structure for table `base_province` */

CREATE TABLE `base_province` (
  `id` bigint(20) DEFAULT NULL COMMENT 'id',
  `name` varchar(20) DEFAULT NULL COMMENT '省名称',
  `region_id` varchar(20) DEFAULT NULL COMMENT '大区id',
  `area_code` varchar(20) DEFAULT NULL COMMENT '行政区位码',
  `iso_code` varchar(20) DEFAULT NULL COMMENT '国际编码'
) ENGINE=InnoDB DEFAULT CHARSET=utf8;

/*Data for the table `base_province` */

insert  into `base_province`(`id`,`name`,`region_id`,`area_code`,`iso_code`) values 
(1,'北京','1','110000','CN-11'),
(2,'天津市','1','120000','CN-12'),
(3,'山西','1','140000','CN-14'),
(4,'内蒙古','1','150000','CN-15'),
(5,'河北','1','130000','CN-13'),
(6,'上海','2','310000','CN-31'),
(7,'江苏','2','320000','CN-32'),
(8,'浙江','2','330000','CN-33'),
(9,'安徽','2','340000','CN-34'),
(10,'福建','2','350000','CN-35'),
(11,'江西','2','360000','CN-36'),
(12,'山东','2','370000','CN-37'),
(14,'台湾','2','710000','CN-71'),
(15,'黑龙江','3','230000','CN-23'),
(16,'吉林','3','220000','CN-22'),
(17,'辽宁','3','210000','CN-21'),
(18,'陕西','7','610000','CN-61'),
(19,'甘肃','7','620000','CN-62'),
(20,'青海','7','630000','CN-63'),
(21,'宁夏','7','640000','CN-64'),
(22,'新疆','7','650000','CN-65'),
(23,'河南','4','410000','CN-41'),
(24,'湖北','4','420000','CN-42'),
(25,'湖南','4','430000','CN-43'),
(26,'广东','5','440000','CN-44'),
(27,'广西','5','450000','CN-45'),
(28,'海南','5','460000','CN-46'),
(29,'香港','5','810000','CN-91'),
(30,'澳门','5','820000','CN-92'),
(31,'四川','6','510000','CN-51'),
(32,'贵州','6','520000','CN-52'),
(33,'云南','6','530000','CN-53'),
(13,'重庆','6','500000','CN-50'),
(34,'西藏','6','540000','CN-54');

/*Table structure for table `base_region` */

CREATE TABLE `base_region` (
  `id` varchar(20) DEFAULT NULL COMMENT '大区id',
  `region_name` varchar(20) DEFAULT NULL COMMENT '大区名称'
) ENGINE=InnoDB DEFAULT CHARSET=utf8;

/*Data for the table `base_region` */

insert  into `base_region`(`id`,`region_name`) values 
('1','华北'),
('2','华东'),
('3','东北'),
('4','华中'),
('5','华南'),
('6','西南'),
('7','西北');

/*Table structure for table `base_trademark` */

CREATE TABLE `base_trademark` (
  `tm_id` varchar(20) DEFAULT NULL COMMENT '品牌id',
  `tm_name` varchar(20) DEFAULT NULL COMMENT '品牌名称'
) ENGINE=InnoDB DEFAULT CHARSET=utf8;

/*Data for the table `base_trademark` */

insert  into `base_trademark`(`tm_id`,`tm_name`) values 
('1','小米'),
('2','荣耀'),
('3','apple'),
('4','tcl'),
('5','北纯'),
('6','联想'),
('7','迪奥');

/*Table structure for table `cart_info` */

CREATE TABLE `cart_info` (
  `id` bigint(20) NOT NULL AUTO_INCREMENT COMMENT '编号',
  `user_id` bigint(20) DEFAULT NULL COMMENT '用户id',
  `sku_id` bigint(20) DEFAULT NULL COMMENT 'skuid',
  `cart_price` decimal(10,2) DEFAULT NULL COMMENT '放入购物车时价格',
  `sku_num` bigint(11) DEFAULT NULL COMMENT '数量',
  `img_url` varchar(200) DEFAULT NULL COMMENT '图片文件',
  `sku_name` varchar(200) DEFAULT NULL COMMENT 'sku名称 (冗余)',
  `create_time` datetime DEFAULT NULL COMMENT '创建时间',
  `operate_time` datetime DEFAULT NULL COMMENT '修改时间',
  `is_ordered` bigint(20) DEFAULT NULL COMMENT '是否已经下单',
  `order_time` datetime DEFAULT NULL COMMENT '下单时间',
  `source_type` varchar(20) DEFAULT NULL COMMENT '来源类型',
  `source_id` bigint(20) DEFAULT NULL COMMENT '来源编号',
  PRIMARY KEY (`id`)
) ENGINE=InnoDB AUTO_INCREMENT=1722 DEFAULT CHARSET=utf8 COMMENT='购物车表 用户登录系统时更新冗余';

/*Data for the table `cart_info` */

insert  into `cart_info`(`id`,`user_id`,`sku_id`,`cart_price`,`sku_num`,`img_url`,`sku_name`,`create_time`,`operate_time`,`is_ordered`,`order_time`,`source_type`,`source_id`) values 
(1692,348,15,252.00,2,'http://kAXllAQEzJWHwiExxVmyJIABfXyzbKwedeofMqwh','迪奥（Dior）烈艳蓝金唇膏 口红 3.5g 999号 哑光-经典正红','2023-04-01 19:14:35',NULL,0,NULL,'2401',NULL),
(1693,266,7,1553.00,3,'http://IJwhvJSuwaMHaevQQKZUzLkOsvYFiYsRhmLSjpZb','荣耀10青春版 幻彩渐变 2400万AI自拍 全网通版4GB+64GB 渐变蓝 移动联通电信4G全面屏手机 双卡双待','2023-04-01 19:14:35',NULL,1,'2023-04-01 19:14:36','2401',NULL),
(1694,272,7,1553.00,1,'http://IJwhvJSuwaMHaevQQKZUzLkOsvYFiYsRhmLSjpZb','荣耀10青春版 幻彩渐变 2400万AI自拍 全网通版4GB+64GB 渐变蓝 移动联通电信4G全面屏手机 双卡双待','2023-04-01 19:14:35',NULL,1,'2023-04-01 19:14:36','2401',NULL),
(1695,748,5,244.00,3,'http://INNButKuTkslasORPBmHACnJuccfsxmRxNuMznPm','十月稻田 沁州黄小米 (黄小米 五谷杂粮 山西特产 真空装 大米伴侣 粥米搭档) 2.5kg','2023-04-01 19:14:35',NULL,1,'2023-04-01 19:14:36','2403',NULL),
(1696,827,3,3100.00,2,'http://LzpblavcZQeYEbwbSjsnmsgAjtpudhDradqsRgdZ','小米（MI）电视 55英寸曲面4K智能WiFi网络液晶电视机4S L55M5-AQ 小米电视4S 55英寸 曲面','2023-04-01 19:14:35',NULL,0,NULL,'2404',2),
(1697,232,12,6699.00,2,'http://kAXllAQEzJWHwiExxVmyJIABfXyzbKwedeofMqwh','联想(Lenovo)拯救者Y7000 英特尔酷睿i7 2023新款 15.6英寸发烧游戏本笔记本电脑（i7-9750H 8GB 512GB SSD GTX1650 4G 高色域','2023-04-01 19:14:35',NULL,0,NULL,'2401',NULL),
(1698,937,16,235.00,2,'http://kAXllAQEzJWHwiExxVmyJIABfXyzbKwedeofMqwh','迪奥（Dior）烈艳蓝金唇膏/口红 珊瑚粉 ACTRICE 028号 3.5g','2023-04-01 19:14:35',NULL,0,NULL,'2404',1),
(1699,206,15,252.00,1,'http://kAXllAQEzJWHwiExxVmyJIABfXyzbKwedeofMqwh','迪奥（Dior）烈艳蓝金唇膏 口红 3.5g 999号 哑光-经典正红','2023-04-01 19:14:35',NULL,1,'2023-04-01 19:14:36','2402',83),
(1700,269,13,7299.00,1,'http://kAXllAQEzJWHwiExxVmyJIABfXyzbKwedeofMqwh','联想(Lenovo)Y9000X 2023新款 15.6英寸高性能标压轻薄本笔记本电脑(i5-9300H 16G 512GSSD FHD)深空灰','2023-04-01 19:14:35',NULL,1,'2023-04-01 19:14:36','2401',NULL),
(1701,187,1,2220.00,2,'http://AOvKmfRQEBRJJllwCwCuptVAOtBBcIjWeJRsmhbJ','荣耀10青春版 幻彩渐变 2400万AI自拍 全网通版4GB+64GB 渐变蓝 移动联通电信4G全面屏手机 双卡双待','2023-04-01 19:14:35',NULL,1,'2023-04-01 19:14:36','2401',NULL),
(1702,202,15,252.00,2,'http://kAXllAQEzJWHwiExxVmyJIABfXyzbKwedeofMqwh','迪奥（Dior）烈艳蓝金唇膏 口红 3.5g 999号 哑光-经典正红','2023-04-01 19:14:35',NULL,1,'2023-04-01 19:14:36','2401',NULL),
(1703,355,1,2220.00,1,'http://AOvKmfRQEBRJJllwCwCuptVAOtBBcIjWeJRsmhbJ','荣耀10青春版 幻彩渐变 2400万AI自拍 全网通版4GB+64GB 渐变蓝 移动联通电信4G全面屏手机 双卡双待','2023-04-01 19:14:35',NULL,1,'2023-04-01 19:14:36','2401',NULL),
(1704,856,6,145.00,1,'http://lMddjKYNSaxpeAqbkWcxegrrHjayrosVDeLrABhg','北纯精制黄小米（小黄米 月子米 小米粥 粗粮杂粮 大米伴侣）2.18kg','2023-04-01 19:14:35',NULL,1,'2023-04-01 19:14:36','2401',NULL),
(1705,734,1,2220.00,2,'http://AOvKmfRQEBRJJllwCwCuptVAOtBBcIjWeJRsmhbJ','荣耀10青春版 幻彩渐变 2400万AI自拍 全网通版4GB+64GB 渐变蓝 移动联通电信4G全面屏手机 双卡双待','2023-04-01 19:14:35',NULL,1,'2023-04-01 19:14:36','2401',NULL),
(1706,88,6,145.00,1,'http://lMddjKYNSaxpeAqbkWcxegrrHjayrosVDeLrABhg','北纯精制黄小米（小黄米 月子米 小米粥 粗粮杂粮 大米伴侣）2.18kg','2023-04-01 19:14:35',NULL,0,NULL,'2402',19),
(1707,160,1,2220.00,1,'http://AOvKmfRQEBRJJllwCwCuptVAOtBBcIjWeJRsmhbJ','荣耀10青春版 幻彩渐变 2400万AI自拍 全网通版4GB+64GB 渐变蓝 移动联通电信4G全面屏手机 双卡双待','2023-04-01 19:14:35',NULL,1,'2023-04-01 19:14:36','2404',1),
(1708,154,13,7299.00,3,'http://kAXllAQEzJWHwiExxVmyJIABfXyzbKwedeofMqwh','联想(Lenovo)Y9000X 2023新款 15.6英寸高性能标压轻薄本笔记本电脑(i5-9300H 16G 512GSSD FHD)深空灰','2023-04-01 19:14:35',NULL,1,'2023-04-01 19:14:36','2401',NULL),
(1709,240,7,1553.00,1,'http://IJwhvJSuwaMHaevQQKZUzLkOsvYFiYsRhmLSjpZb','荣耀10青春版 幻彩渐变 2400万AI自拍 全网通版4GB+64GB 渐变蓝 移动联通电信4G全面屏手机 双卡双待','2023-04-01 19:14:35',NULL,1,'2023-04-01 19:14:36','2401',NULL),
(1710,150,16,235.00,2,'http://kAXllAQEzJWHwiExxVmyJIABfXyzbKwedeofMqwh','迪奥（Dior）烈艳蓝金唇膏/口红 珊瑚粉 ACTRICE 028号 3.5g','2023-04-01 19:14:35',NULL,1,'2023-04-01 19:14:36','2401',NULL),
(1711,569,9,2452.00,2,'http://hNuKrFXZgFIzzZxnYeCxEDdJlbAwHUCbBChdXAKZ','荣耀10 GT游戏加速 AIS手持夜景 6GB+64GB 幻影蓝全网通 移动联通电信','2023-04-01 19:14:35',NULL,1,'2023-04-01 19:14:36','2401',NULL),
(1712,388,9,2452.00,2,'http://hNuKrFXZgFIzzZxnYeCxEDdJlbAwHUCbBChdXAKZ','荣耀10 GT游戏加速 AIS手持夜景 6GB+64GB 幻影蓝全网通 移动联通电信','2023-04-01 19:14:35',NULL,1,'2023-04-01 19:14:36','2402',16),
(1713,78,13,7299.00,2,'http://kAXllAQEzJWHwiExxVmyJIABfXyzbKwedeofMqwh','联想(Lenovo)Y9000X 2023新款 15.6英寸高性能标压轻薄本笔记本电脑(i5-9300H 16G 512GSSD FHD)深空灰','2023-04-01 19:14:35',NULL,1,'2023-04-01 19:14:36','2401',NULL),
(1714,78,12,6699.00,2,'http://kAXllAQEzJWHwiExxVmyJIABfXyzbKwedeofMqwh','联想(Lenovo)拯救者Y7000 英特尔酷睿i7 2023新款 15.6英寸发烧游戏本笔记本电脑（i7-9750H 8GB 512GB SSD GTX1650 4G 高色域','2023-04-01 19:14:35',NULL,1,'2023-04-01 19:14:36','2401',NULL),
(1715,2,10,222.00,1,'http://kAXllAQEzJWHwiExxVmyJIABfXyzbKwedeofMqwh','小米（MI） 小米路由器4 双千兆路由器 无线家用穿墙1200M高速双频wifi 千兆版 千兆端口光纤适用','2023-04-01 19:14:35',NULL,1,'2023-04-01 19:14:36','2401',NULL),
(1716,873,9,2452.00,3,'http://hNuKrFXZgFIzzZxnYeCxEDdJlbAwHUCbBChdXAKZ','荣耀10 GT游戏加速 AIS手持夜景 6GB+64GB 幻影蓝全网通 移动联通电信','2023-04-01 19:14:35',NULL,0,NULL,'2402',59),
(1717,37,16,235.00,3,'http://kAXllAQEzJWHwiExxVmyJIABfXyzbKwedeofMqwh','迪奥（Dior）烈艳蓝金唇膏/口红 珊瑚粉 ACTRICE 028号 3.5g','2023-04-01 19:14:35',NULL,1,'2023-04-01 19:14:36','2404',1),
(1718,919,5,244.00,1,'http://INNButKuTkslasORPBmHACnJuccfsxmRxNuMznPm','十月稻田 沁州黄小米 (黄小米 五谷杂粮 山西特产 真空装 大米伴侣 粥米搭档) 2.5kg','2023-04-01 19:14:35',NULL,0,NULL,'2404',2),
(1719,221,2,3321.00,2,'http://JfJSvAnPkErYPcUsbgCuokhjxKiLeqpDXakZqFeE','TCL 55A950C 55英寸32核人工智能 HDR曲面超薄4K电视金属机身（枪色）','2023-04-01 19:14:35',NULL,0,NULL,'2401',NULL),
(1720,763,10,222.00,2,'http://kAXllAQEzJWHwiExxVmyJIABfXyzbKwedeofMqwh','小米（MI） 小米路由器4 双千兆路由器 无线家用穿墙1200M高速双频wifi 千兆版 千兆端口光纤适用','2023-04-01 19:14:35',NULL,0,NULL,'2402',60),
(1721,615,5,244.00,2,'http://INNButKuTkslasORPBmHACnJuccfsxmRxNuMznPm','十月稻田 沁州黄小米 (黄小米 五谷杂粮 山西特产 真空装 大米伴侣 粥米搭档) 2.5kg','2023-04-01 19:14:35',NULL,0,NULL,'2402',54);

/*Table structure for table `comment_info` */

CREATE TABLE `comment_info` (
  `id` bigint(20) NOT NULL AUTO_INCREMENT COMMENT '编号',
  `user_id` bigint(20) DEFAULT NULL COMMENT '用户名称',
  `sku_id` bigint(20) DEFAULT NULL COMMENT 'skuid',
  `spu_id` bigint(20) DEFAULT NULL COMMENT '商品id',
  `order_id` bigint(20) DEFAULT NULL COMMENT '订单编号',
  `appraise` varchar(10) DEFAULT NULL COMMENT '评价 1 好评 2 中评 3 差评',
  `comment_txt` varchar(2000) DEFAULT NULL COMMENT '评价内容',
  `create_time` datetime DEFAULT NULL COMMENT '创建时间',
  `operate_time` datetime DEFAULT NULL COMMENT '修改时间',
  PRIMARY KEY (`id`)
) ENGINE=InnoDB AUTO_INCREMENT=1245308578986000389 DEFAULT CHARSET=utf8 COMMENT='商品评论表';

/*Data for the table `comment_info` */

insert  into `comment_info`(`id`,`user_id`,`sku_id`,`spu_id`,`order_id`,`appraise`,`comment_txt`,`create_time`,`operate_time`) values 
(1245308578977611778,24,5,5,3235,'1204','评论内容：23829329847536196797435255672655331494853739852788','2023-04-01 19:14:36',NULL),
(1245308578977611779,966,15,12,3236,'1204','评论内容：69516813543355345769135757958765361747417362411268','2023-04-01 19:14:36',NULL),
(1245308578977611780,592,1,1,3240,'1201','评论内容：78295841781773846338855852542922273717739213649458','2023-04-01 19:14:36',NULL),
(1245308578977611781,165,7,1,3245,'1204','评论内容：67286429185174923558676191915965634468814267435188','2023-04-01 19:14:36',NULL),
(1245308578977611782,122,16,12,3246,'1204','评论内容：76246354645851211623153729221848285266389886437711','2023-04-01 19:14:36',NULL),
(1245308578986000386,769,9,8,3247,'1204','评论内容：47364951319644531736767447235976414894298969766338','2023-04-01 19:14:36',NULL),
(1245308578986000387,126,9,8,3248,'1204','评论内容：85643312214861255528826651396838658674992721716652','2023-04-01 19:14:36',NULL),
(1245308578986000388,18,10,9,3250,'1204','评论内容：98824894643744358466766385648616138924858329766382','2023-04-01 19:14:36',NULL);

/*Table structure for table `coupon_info` */

CREATE TABLE `coupon_info` (
  `id` bigint(20) NOT NULL AUTO_INCREMENT COMMENT '购物券编号',
  `coupon_name` varchar(100) DEFAULT NULL COMMENT '购物券名称',
  `coupon_type` varchar(10) DEFAULT NULL COMMENT '购物券类型 1 现金券 2 折扣券 3 满减券 4 满件打折券',
  `condition_amount` decimal(10,2) DEFAULT NULL COMMENT '满额数',
  `condition_num` bigint(20) DEFAULT NULL COMMENT '满件数',
  `activity_id` bigint(20) DEFAULT NULL COMMENT '活动编号',
  `benefit_amount` decimal(16,2) DEFAULT NULL COMMENT '减金额',
  `benefit_discount` bigint(20) DEFAULT NULL COMMENT '折扣',
  `create_time` datetime DEFAULT NULL COMMENT '创建时间',
  `range_type` varchar(10) DEFAULT NULL COMMENT '范围类型 1、商品 2、品类 3、品牌',
  `spu_id` bigint(20) DEFAULT NULL COMMENT '商品id',
  `tm_id` bigint(20) DEFAULT NULL COMMENT '品牌id',
  `category3_id` bigint(20) DEFAULT NULL COMMENT '品类id',
  `limit_num` int(11) DEFAULT NULL COMMENT '最多领用次数',
  `operate_time` datetime DEFAULT NULL COMMENT '修改时间',
  `expire_time` datetime DEFAULT NULL COMMENT '过期时间',
  PRIMARY KEY (`id`)
) ENGINE=InnoDB AUTO_INCREMENT=3 DEFAULT CHARSET=utf8 COMMENT='优惠券表';

/*Data for the table `coupon_info` */

insert  into `coupon_info`(`id`,`coupon_name`,`coupon_type`,`condition_amount`,`condition_num`,`activity_id`,`benefit_amount`,`benefit_discount`,`create_time`,`range_type`,`spu_id`,`tm_id`,`category3_id`,`limit_num`,`operate_time`,`expire_time`) values 
(1,'粮食优惠券','2301',100.00,0,NULL,15.00,NULL,'2023-03-27 17:44:57','2401',NULL,NULL,803,11,NULL,NULL),
(2,'粮食优惠券2','2301',200.00,NULL,NULL,40.00,NULL,'2023-04-16 23:55:31','2401',NULL,NULL,803,11,NULL,NULL);

/*Table structure for table `coupon_use` */

CREATE TABLE `coupon_use` (
  `id` bigint(20) NOT NULL AUTO_INCREMENT COMMENT '编号',
  `coupon_id` bigint(20) DEFAULT NULL COMMENT '购物券ID',
  `user_id` bigint(20) DEFAULT NULL COMMENT '用户ID',
  `order_id` bigint(20) DEFAULT NULL COMMENT '订单ID',
  `coupon_status` varchar(10) DEFAULT NULL COMMENT '购物券状态',
  `get_time` datetime DEFAULT NULL COMMENT '领券时间',
  `using_time` datetime DEFAULT NULL COMMENT '使用时间',
  `used_time` datetime DEFAULT NULL COMMENT '支付时间',
  `expire_time` datetime DEFAULT NULL COMMENT '过期时间',
  PRIMARY KEY (`id`)
) ENGINE=InnoDB AUTO_INCREMENT=9978 DEFAULT CHARSET=utf8 COMMENT='优惠券领用表';

/*Data for the table `coupon_use` */

insert  into `coupon_use`(`id`,`coupon_id`,`user_id`,`order_id`,`coupon_status`,`get_time`,`using_time`,`used_time`,`expire_time`) values 
(7976,1,1,NULL,'1401','2023-04-01 19:14:35',NULL,NULL,NULL),
(7977,1,2,NULL,'1401','2023-04-01 19:14:35',NULL,NULL,NULL),
(7978,1,3,NULL,'1401','2023-04-01 19:14:35',NULL,NULL,NULL),
(7979,1,4,NULL,'1401','2023-04-01 19:14:35',NULL,NULL,NULL),
(7980,1,5,NULL,'1401','2023-04-01 19:14:35',NULL,NULL,NULL),
(7981,1,6,NULL,'1401','2023-04-01 19:14:35',NULL,NULL,NULL),
(7982,1,7,NULL,'1401','2023-04-01 19:14:35',NULL,NULL,NULL),
(7983,1,8,NULL,'1401','2023-04-01 19:14:35',NULL,NULL,NULL),
(7984,1,9,NULL,'1401','2023-04-01 19:14:35',NULL,NULL,NULL),
(7985,1,10,NULL,'1401','2023-04-01 19:14:35',NULL,NULL,NULL),
(7986,1,11,NULL,'1401','2023-04-01 19:14:35',NULL,NULL,NULL),
(7987,1,12,NULL,'1401','2023-04-01 19:14:35',NULL,NULL,NULL),
(7988,1,13,NULL,'1401','2023-04-01 19:14:35',NULL,NULL,NULL),
(7989,1,14,NULL,'1401','2023-04-01 19:14:35',NULL,NULL,NULL),
(7990,1,15,NULL,'1401','2023-04-01 19:14:35',NULL,NULL,NULL),
(7991,1,16,NULL,'1401','2023-04-01 19:14:35',NULL,NULL,NULL),
(7992,1,17,NULL,'1401','2023-04-01 19:14:35',NULL,NULL,NULL),
(7993,1,18,NULL,'1401','2023-04-01 19:14:35',NULL,NULL,NULL),
(7994,1,19,NULL,'1401','2023-04-01 19:14:35',NULL,NULL,NULL),
(7995,1,20,NULL,'1401','2023-04-01 19:14:35',NULL,NULL,NULL),
(7996,1,21,NULL,'1401','2023-04-01 19:14:35',NULL,NULL,NULL),
(7997,1,22,NULL,'1401','2023-04-01 19:14:35',NULL,NULL,NULL),
(7998,1,23,NULL,'1401','2023-04-01 19:14:35',NULL,NULL,NULL),
(7999,1,24,NULL,'1401','2023-04-01 19:14:35',NULL,NULL,NULL),
(8000,1,25,NULL,'1401','2023-04-01 19:14:35',NULL,NULL,NULL),
(8001,1,26,NULL,'1401','2023-04-01 19:14:35',NULL,NULL,NULL),
(8002,1,27,NULL,'1401','2023-04-01 19:14:35',NULL,NULL,NULL),
(8003,1,28,NULL,'1401','2023-04-01 19:14:35',NULL,NULL,NULL),
(8004,1,29,NULL,'1401','2023-04-01 19:14:35',NULL,NULL,NULL),
(8005,1,30,NULL,'1401','2023-04-01 19:14:35',NULL,NULL,NULL),
(8006,1,31,NULL,'1401','2023-04-01 19:14:35',NULL,NULL,NULL),
(8007,1,32,NULL,'1401','2023-04-01 19:14:35',NULL,NULL,NULL),
(8008,1,33,NULL,'1401','2023-04-01 19:14:35',NULL,NULL,NULL),
(8009,1,34,NULL,'1401','2023-04-01 19:14:35',NULL,NULL,NULL),
(8010,1,35,NULL,'1401','2023-04-01 19:14:35',NULL,NULL,NULL),
(8011,1,36,NULL,'1401','2023-04-01 19:14:35',NULL,NULL,NULL),
(8012,1,37,NULL,'1401','2023-04-01 19:14:35',NULL,NULL,NULL),
(8013,1,38,NULL,'1401','2023-04-01 19:14:35',NULL,NULL,NULL),
(8014,1,39,NULL,'1401','2023-04-01 19:14:35',NULL,NULL,NULL),
(8015,1,40,NULL,'1401','2023-04-01 19:14:35',NULL,NULL,NULL),
(8016,1,41,NULL,'1401','2023-04-01 19:14:35',NULL,NULL,NULL),
(8017,1,42,NULL,'1401','2023-04-01 19:14:35',NULL,NULL,NULL),
(8018,1,43,NULL,'1401','2023-04-01 19:14:35',NULL,NULL,NULL),
(8019,1,44,NULL,'1401','2023-04-01 19:14:35',NULL,NULL,NULL),
(8020,1,45,NULL,'1401','2023-04-01 19:14:35',NULL,NULL,NULL),
(8021,1,46,NULL,'1401','2023-04-01 19:14:35',NULL,NULL,NULL),
(8022,1,47,NULL,'1401','2023-04-01 19:14:35',NULL,NULL,NULL),
(8023,1,48,NULL,'1401','2023-04-01 19:14:35',NULL,NULL,NULL),
(8024,1,49,NULL,'1401','2023-04-01 19:14:35',NULL,NULL,NULL),
(8025,1,50,NULL,'1401','2023-04-01 19:14:35',NULL,NULL,NULL),
(8026,1,51,NULL,'1401','2023-04-01 19:14:35',NULL,NULL,NULL),
(8027,1,52,NULL,'1401','2023-04-01 19:14:35',NULL,NULL,NULL),
(8028,1,53,NULL,'1401','2023-04-01 19:14:35',NULL,NULL,NULL),
(8029,1,54,NULL,'1401','2023-04-01 19:14:35',NULL,NULL,NULL),
(8030,1,55,NULL,'1401','2023-04-01 19:14:35',NULL,NULL,NULL),
(8031,1,56,NULL,'1401','2023-04-01 19:14:35',NULL,NULL,NULL),
(8032,1,57,NULL,'1401','2023-04-01 19:14:35',NULL,NULL,NULL),
(8033,1,58,NULL,'1401','2023-04-01 19:14:35',NULL,NULL,NULL),
(8034,1,59,NULL,'1401','2023-04-01 19:14:35',NULL,NULL,NULL),
(8035,1,60,NULL,'1401','2023-04-01 19:14:35',NULL,NULL,NULL),
(8036,1,61,NULL,'1401','2023-04-01 19:14:35',NULL,NULL,NULL),
(8037,1,62,NULL,'1401','2023-04-01 19:14:35',NULL,NULL,NULL),
(8038,1,63,NULL,'1401','2023-04-01 19:14:35',NULL,NULL,NULL),
(8039,1,64,NULL,'1401','2023-04-01 19:14:35',NULL,NULL,NULL),
(8040,1,65,NULL,'1401','2023-04-01 19:14:35',NULL,NULL,NULL),
(8041,1,66,NULL,'1401','2023-04-01 19:14:35',NULL,NULL,NULL),
(8042,1,67,NULL,'1401','2023-04-01 19:14:35',NULL,NULL,NULL),
(8043,1,68,NULL,'1401','2023-04-01 19:14:35',NULL,NULL,NULL),
(8044,1,69,NULL,'1401','2023-04-01 19:14:35',NULL,NULL,NULL),
(8045,1,70,NULL,'1401','2023-04-01 19:14:35',NULL,NULL,NULL),
(8046,1,71,NULL,'1401','2023-04-01 19:14:35',NULL,NULL,NULL),
(8047,1,72,NULL,'1401','2023-04-01 19:14:35',NULL,NULL,NULL),
(8048,1,73,NULL,'1401','2023-04-01 19:14:35',NULL,NULL,NULL),
(8049,1,74,NULL,'1401','2023-04-01 19:14:35',NULL,NULL,NULL),
(8050,1,75,NULL,'1401','2023-04-01 19:14:35',NULL,NULL,NULL),
(8051,1,76,NULL,'1401','2023-04-01 19:14:35',NULL,NULL,NULL),
(8052,1,77,NULL,'1401','2023-04-01 19:14:35',NULL,NULL,NULL),
(8053,1,78,NULL,'1401','2023-04-01 19:14:35',NULL,NULL,NULL),
(8054,1,79,NULL,'1401','2023-04-01 19:14:35',NULL,NULL,NULL),
(8055,1,80,NULL,'1401','2023-04-01 19:14:35',NULL,NULL,NULL),
(8056,1,81,NULL,'1401','2023-04-01 19:14:35',NULL,NULL,NULL),
(8057,1,82,NULL,'1401','2023-04-01 19:14:35',NULL,NULL,NULL),
(8058,1,83,NULL,'1401','2023-04-01 19:14:35',NULL,NULL,NULL),
(8059,1,84,NULL,'1401','2023-04-01 19:14:35',NULL,NULL,NULL),
(8060,1,85,NULL,'1401','2023-04-01 19:14:35',NULL,NULL,NULL),
(8061,1,86,NULL,'1401','2023-04-01 19:14:35',NULL,NULL,NULL),
(8062,1,87,NULL,'1401','2023-04-01 19:14:35',NULL,NULL,NULL),
(8063,1,88,NULL,'1401','2023-04-01 19:14:35',NULL,NULL,NULL),
(8064,1,89,NULL,'1401','2023-04-01 19:14:35',NULL,NULL,NULL),
(8065,1,90,NULL,'1401','2023-04-01 19:14:35',NULL,NULL,NULL),
(8066,1,91,NULL,'1401','2023-04-01 19:14:35',NULL,NULL,NULL),
(8067,1,92,NULL,'1401','2023-04-01 19:14:35',NULL,NULL,NULL),
(8068,1,93,NULL,'1401','2023-04-01 19:14:35',NULL,NULL,NULL),
(8069,1,94,NULL,'1401','2023-04-01 19:14:35',NULL,NULL,NULL),
(8070,1,95,NULL,'1401','2023-04-01 19:14:35',NULL,NULL,NULL),
(8071,1,96,NULL,'1401','2023-04-01 19:14:35',NULL,NULL,NULL),
(8072,1,97,NULL,'1401','2023-04-01 19:14:35',NULL,NULL,NULL),
(8073,1,98,NULL,'1401','2023-04-01 19:14:35',NULL,NULL,NULL),
(8074,1,99,NULL,'1401','2023-04-01 19:14:35',NULL,NULL,NULL),
(8075,1,100,NULL,'1401','2023-04-01 19:14:35',NULL,NULL,NULL),
(8076,1,101,NULL,'1401','2023-04-01 19:14:35',NULL,NULL,NULL),
(8077,1,102,NULL,'1401','2023-04-01 19:14:35',NULL,NULL,NULL),
(8078,1,103,NULL,'1401','2023-04-01 19:14:35',NULL,NULL,NULL),
(8079,1,104,NULL,'1401','2023-04-01 19:14:35',NULL,NULL,NULL),
(8080,1,105,NULL,'1401','2023-04-01 19:14:35',NULL,NULL,NULL),
(8081,1,106,NULL,'1401','2023-04-01 19:14:35',NULL,NULL,NULL),
(8082,1,107,NULL,'1401','2023-04-01 19:14:35',NULL,NULL,NULL),
(8083,1,108,NULL,'1401','2023-04-01 19:14:35',NULL,NULL,NULL),
(8084,1,109,NULL,'1401','2023-04-01 19:14:35',NULL,NULL,NULL),
(8085,1,110,NULL,'1401','2023-04-01 19:14:35',NULL,NULL,NULL),
(8086,1,111,NULL,'1401','2023-04-01 19:14:35',NULL,NULL,NULL),
(8087,1,112,NULL,'1401','2023-04-01 19:14:35',NULL,NULL,NULL),
(8088,1,113,NULL,'1401','2023-04-01 19:14:35',NULL,NULL,NULL),
(8089,1,114,NULL,'1401','2023-04-01 19:14:35',NULL,NULL,NULL),
(8090,1,115,NULL,'1401','2023-04-01 19:14:35',NULL,NULL,NULL),
(8091,1,116,NULL,'1401','2023-04-01 19:14:35',NULL,NULL,NULL),
(8092,1,117,NULL,'1401','2023-04-01 19:14:35',NULL,NULL,NULL),
(8093,1,118,NULL,'1401','2023-04-01 19:14:35',NULL,NULL,NULL),
(8094,1,119,NULL,'1401','2023-04-01 19:14:35',NULL,NULL,NULL),
(8095,1,120,NULL,'1401','2023-04-01 19:14:35',NULL,NULL,NULL),
(8096,1,121,NULL,'1401','2023-04-01 19:14:35',NULL,NULL,NULL),
(8097,1,122,NULL,'1401','2023-04-01 19:14:35',NULL,NULL,NULL),
(8098,1,123,NULL,'1401','2023-04-01 19:14:35',NULL,NULL,NULL),
(8099,1,124,NULL,'1401','2023-04-01 19:14:35',NULL,NULL,NULL),
(8100,1,125,NULL,'1401','2023-04-01 19:14:35',NULL,NULL,NULL),
(8101,1,126,NULL,'1401','2023-04-01 19:14:35',NULL,NULL,NULL),
(8102,1,127,NULL,'1401','2023-04-01 19:14:35',NULL,NULL,NULL),
(8103,1,128,NULL,'1401','2023-04-01 19:14:35',NULL,NULL,NULL),
(8104,1,129,NULL,'1401','2023-04-01 19:14:35',NULL,NULL,NULL),
(8105,1,130,NULL,'1401','2023-04-01 19:14:35',NULL,NULL,NULL),
(8106,1,131,NULL,'1401','2023-04-01 19:14:35',NULL,NULL,NULL),
(8107,1,132,NULL,'1401','2023-04-01 19:14:35',NULL,NULL,NULL),
(8108,1,133,NULL,'1401','2023-04-01 19:14:35',NULL,NULL,NULL),
(8109,1,134,NULL,'1401','2023-04-01 19:14:35',NULL,NULL,NULL),
(8110,1,135,NULL,'1401','2023-04-01 19:14:35',NULL,NULL,NULL),
(8111,1,136,NULL,'1401','2023-04-01 19:14:35',NULL,NULL,NULL),
(8112,1,137,NULL,'1401','2023-04-01 19:14:35',NULL,NULL,NULL),
(8113,1,138,NULL,'1401','2023-04-01 19:14:35',NULL,NULL,NULL),
(8114,1,139,NULL,'1401','2023-04-01 19:14:35',NULL,NULL,NULL),
(8115,1,140,NULL,'1401','2023-04-01 19:14:35',NULL,NULL,NULL),
(8116,1,141,NULL,'1401','2023-04-01 19:14:35',NULL,NULL,NULL),
(8117,1,142,NULL,'1401','2023-04-01 19:14:35',NULL,NULL,NULL),
(8118,1,143,NULL,'1401','2023-04-01 19:14:35',NULL,NULL,NULL),
(8119,1,144,NULL,'1401','2023-04-01 19:14:35',NULL,NULL,NULL),
(8120,1,145,NULL,'1401','2023-04-01 19:14:35',NULL,NULL,NULL),
(8121,1,146,NULL,'1401','2023-04-01 19:14:35',NULL,NULL,NULL),
(8122,1,147,NULL,'1401','2023-04-01 19:14:35',NULL,NULL,NULL),
(8123,1,148,NULL,'1401','2023-04-01 19:14:35',NULL,NULL,NULL),
(8124,1,149,NULL,'1401','2023-04-01 19:14:35',NULL,NULL,NULL),
(8125,1,150,NULL,'1401','2023-04-01 19:14:35',NULL,NULL,NULL),
(8126,1,151,NULL,'1401','2023-04-01 19:14:35',NULL,NULL,NULL),
(8127,1,152,NULL,'1401','2023-04-01 19:14:35',NULL,NULL,NULL),
(8128,1,153,NULL,'1401','2023-04-01 19:14:35',NULL,NULL,NULL),
(8129,1,154,NULL,'1401','2023-04-01 19:14:35',NULL,NULL,NULL),
(8130,1,155,NULL,'1401','2023-04-01 19:14:35',NULL,NULL,NULL),
(8131,1,156,NULL,'1401','2023-04-01 19:14:35',NULL,NULL,NULL),
(8132,1,157,NULL,'1401','2023-04-01 19:14:35',NULL,NULL,NULL),
(8133,1,158,NULL,'1401','2023-04-01 19:14:35',NULL,NULL,NULL),
(8134,1,159,NULL,'1401','2023-04-01 19:14:35',NULL,NULL,NULL),
(8135,1,160,NULL,'1401','2023-04-01 19:14:35',NULL,NULL,NULL),
(8136,1,161,NULL,'1401','2023-04-01 19:14:35',NULL,NULL,NULL),
(8137,1,162,NULL,'1401','2023-04-01 19:14:35',NULL,NULL,NULL),
(8138,1,163,NULL,'1401','2023-04-01 19:14:35',NULL,NULL,NULL),
(8139,1,164,NULL,'1401','2023-04-01 19:14:35',NULL,NULL,NULL),
(8140,1,165,NULL,'1401','2023-04-01 19:14:35',NULL,NULL,NULL),
(8141,1,166,NULL,'1401','2023-04-01 19:14:35',NULL,NULL,NULL),
(8142,1,167,NULL,'1401','2023-04-01 19:14:35',NULL,NULL,NULL),
(8143,1,168,NULL,'1401','2023-04-01 19:14:35',NULL,NULL,NULL),
(8144,1,169,NULL,'1401','2023-04-01 19:14:35',NULL,NULL,NULL),
(8145,1,170,NULL,'1401','2023-04-01 19:14:35',NULL,NULL,NULL),
(8146,1,171,NULL,'1401','2023-04-01 19:14:35',NULL,NULL,NULL),
(8147,1,172,NULL,'1401','2023-04-01 19:14:35',NULL,NULL,NULL),
(8148,1,173,NULL,'1401','2023-04-01 19:14:35',NULL,NULL,NULL),
(8149,1,174,NULL,'1401','2023-04-01 19:14:35',NULL,NULL,NULL),
(8150,1,175,NULL,'1401','2023-04-01 19:14:35',NULL,NULL,NULL),
(8151,1,176,NULL,'1401','2023-04-01 19:14:35',NULL,NULL,NULL),
(8152,1,177,NULL,'1401','2023-04-01 19:14:35',NULL,NULL,NULL),
(8153,1,178,NULL,'1401','2023-04-01 19:14:35',NULL,NULL,NULL),
(8154,1,179,NULL,'1401','2023-04-01 19:14:35',NULL,NULL,NULL),
(8155,1,180,NULL,'1401','2023-04-01 19:14:35',NULL,NULL,NULL),
(8156,1,181,NULL,'1401','2023-04-01 19:14:35',NULL,NULL,NULL),
(8157,1,182,NULL,'1401','2023-04-01 19:14:35',NULL,NULL,NULL),
(8158,1,183,NULL,'1401','2023-04-01 19:14:35',NULL,NULL,NULL),
(8159,1,184,NULL,'1401','2023-04-01 19:14:35',NULL,NULL,NULL),
(8160,1,185,NULL,'1401','2023-04-01 19:14:35',NULL,NULL,NULL),
(8161,1,186,NULL,'1401','2023-04-01 19:14:35',NULL,NULL,NULL),
(8162,1,187,NULL,'1401','2023-04-01 19:14:35',NULL,NULL,NULL),
(8163,1,188,NULL,'1401','2023-04-01 19:14:35',NULL,NULL,NULL),
(8164,1,189,NULL,'1401','2023-04-01 19:14:35',NULL,NULL,NULL),
(8165,1,190,NULL,'1401','2023-04-01 19:14:35',NULL,NULL,NULL),
(8166,1,191,NULL,'1401','2023-04-01 19:14:35',NULL,NULL,NULL),
(8167,1,192,NULL,'1401','2023-04-01 19:14:35',NULL,NULL,NULL),
(8168,1,193,NULL,'1401','2023-04-01 19:14:35',NULL,NULL,NULL),
(8169,1,194,NULL,'1401','2023-04-01 19:14:35',NULL,NULL,NULL),
(8170,1,195,NULL,'1401','2023-04-01 19:14:35',NULL,NULL,NULL),
(8171,1,196,NULL,'1401','2023-04-01 19:14:35',NULL,NULL,NULL),
(8172,1,197,NULL,'1401','2023-04-01 19:14:35',NULL,NULL,NULL),
(8173,1,198,NULL,'1401','2023-04-01 19:14:35',NULL,NULL,NULL),
(8174,1,199,NULL,'1401','2023-04-01 19:14:35',NULL,NULL,NULL),
(8175,1,200,NULL,'1401','2023-04-01 19:14:35',NULL,NULL,NULL),
(8176,1,201,NULL,'1401','2023-04-01 19:14:35',NULL,NULL,NULL),
(8177,1,202,NULL,'1401','2023-04-01 19:14:35',NULL,NULL,NULL),
(8178,1,203,NULL,'1401','2023-04-01 19:14:35',NULL,NULL,NULL),
(8179,1,204,NULL,'1401','2023-04-01 19:14:35',NULL,NULL,NULL),
(8180,1,205,NULL,'1401','2023-04-01 19:14:35',NULL,NULL,NULL),
(8181,1,206,NULL,'1401','2023-04-01 19:14:35',NULL,NULL,NULL),
(8182,1,207,NULL,'1401','2023-04-01 19:14:35',NULL,NULL,NULL),
(8183,1,208,NULL,'1401','2023-04-01 19:14:35',NULL,NULL,NULL),
(8184,1,209,NULL,'1401','2023-04-01 19:14:35',NULL,NULL,NULL),
(8185,1,210,NULL,'1401','2023-04-01 19:14:35',NULL,NULL,NULL),
(8186,1,211,NULL,'1401','2023-04-01 19:14:35',NULL,NULL,NULL),
(8187,1,212,NULL,'1401','2023-04-01 19:14:35',NULL,NULL,NULL),
(8188,1,213,NULL,'1401','2023-04-01 19:14:35',NULL,NULL,NULL),
(8189,1,214,NULL,'1401','2023-04-01 19:14:35',NULL,NULL,NULL),
(8190,1,215,NULL,'1401','2023-04-01 19:14:35',NULL,NULL,NULL),
(8191,1,216,NULL,'1401','2023-04-01 19:14:35',NULL,NULL,NULL),
(8192,1,217,NULL,'1401','2023-04-01 19:14:35',NULL,NULL,NULL),
(8193,1,218,NULL,'1401','2023-04-01 19:14:35',NULL,NULL,NULL),
(8194,1,219,NULL,'1401','2023-04-01 19:14:35',NULL,NULL,NULL),
(8195,1,220,NULL,'1401','2023-04-01 19:14:35',NULL,NULL,NULL),
(8196,1,221,NULL,'1401','2023-04-01 19:14:35',NULL,NULL,NULL),
(8197,1,222,NULL,'1401','2023-04-01 19:14:35',NULL,NULL,NULL),
(8198,1,223,NULL,'1401','2023-04-01 19:14:35',NULL,NULL,NULL),
(8199,1,224,NULL,'1401','2023-04-01 19:14:35',NULL,NULL,NULL),
(8200,1,225,NULL,'1401','2023-04-01 19:14:35',NULL,NULL,NULL),
(8201,1,226,NULL,'1401','2023-04-01 19:14:35',NULL,NULL,NULL),
(8202,1,227,NULL,'1401','2023-04-01 19:14:35',NULL,NULL,NULL),
(8203,1,228,NULL,'1401','2023-04-01 19:14:35',NULL,NULL,NULL),
(8204,1,229,NULL,'1401','2023-04-01 19:14:35',NULL,NULL,NULL),
(8205,1,230,NULL,'1401','2023-04-01 19:14:35',NULL,NULL,NULL),
(8206,1,231,NULL,'1401','2023-04-01 19:14:35',NULL,NULL,NULL),
(8207,1,232,NULL,'1401','2023-04-01 19:14:35',NULL,NULL,NULL),
(8208,1,233,NULL,'1401','2023-04-01 19:14:35',NULL,NULL,NULL),
(8209,1,234,NULL,'1401','2023-04-01 19:14:35',NULL,NULL,NULL),
(8210,1,235,NULL,'1401','2023-04-01 19:14:35',NULL,NULL,NULL),
(8211,1,236,NULL,'1401','2023-04-01 19:14:35',NULL,NULL,NULL),
(8212,1,237,NULL,'1401','2023-04-01 19:14:35',NULL,NULL,NULL),
(8213,1,238,NULL,'1401','2023-04-01 19:14:35',NULL,NULL,NULL),
(8214,1,239,NULL,'1401','2023-04-01 19:14:35',NULL,NULL,NULL),
(8215,1,240,NULL,'1401','2023-04-01 19:14:35',NULL,NULL,NULL),
(8216,1,241,NULL,'1401','2023-04-01 19:14:35',NULL,NULL,NULL),
(8217,1,242,NULL,'1401','2023-04-01 19:14:35',NULL,NULL,NULL),
(8218,1,243,NULL,'1401','2023-04-01 19:14:35',NULL,NULL,NULL),
(8219,1,244,NULL,'1401','2023-04-01 19:14:35',NULL,NULL,NULL),
(8220,1,245,NULL,'1401','2023-04-01 19:14:35',NULL,NULL,NULL),
(8221,1,246,NULL,'1401','2023-04-01 19:14:35',NULL,NULL,NULL),
(8222,1,247,NULL,'1401','2023-04-01 19:14:35',NULL,NULL,NULL),
(8223,1,248,NULL,'1401','2023-04-01 19:14:35',NULL,NULL,NULL),
(8224,1,249,NULL,'1401','2023-04-01 19:14:35',NULL,NULL,NULL),
(8225,1,250,NULL,'1401','2023-04-01 19:14:35',NULL,NULL,NULL),
(8226,1,251,NULL,'1401','2023-04-01 19:14:35',NULL,NULL,NULL),
(8227,1,252,NULL,'1401','2023-04-01 19:14:35',NULL,NULL,NULL),
(8228,1,253,NULL,'1401','2023-04-01 19:14:35',NULL,NULL,NULL),
(8229,1,254,NULL,'1401','2023-04-01 19:14:35',NULL,NULL,NULL),
(8230,1,255,NULL,'1401','2023-04-01 19:14:35',NULL,NULL,NULL),
(8231,1,256,NULL,'1401','2023-04-01 19:14:35',NULL,NULL,NULL),
(8232,1,257,NULL,'1401','2023-04-01 19:14:35',NULL,NULL,NULL),
(8233,1,258,NULL,'1401','2023-04-01 19:14:35',NULL,NULL,NULL),
(8234,1,259,NULL,'1401','2023-04-01 19:14:35',NULL,NULL,NULL),
(8235,1,260,NULL,'1401','2023-04-01 19:14:35',NULL,NULL,NULL),
(8236,1,261,NULL,'1401','2023-04-01 19:14:35',NULL,NULL,NULL),
(8237,1,262,NULL,'1401','2023-04-01 19:14:35',NULL,NULL,NULL),
(8238,1,263,NULL,'1401','2023-04-01 19:14:35',NULL,NULL,NULL),
(8239,1,264,NULL,'1401','2023-04-01 19:14:35',NULL,NULL,NULL),
(8240,1,265,NULL,'1401','2023-04-01 19:14:35',NULL,NULL,NULL),
(8241,1,266,NULL,'1401','2023-04-01 19:14:35',NULL,NULL,NULL),
(8242,1,267,NULL,'1401','2023-04-01 19:14:35',NULL,NULL,NULL),
(8243,1,268,NULL,'1401','2023-04-01 19:14:35',NULL,NULL,NULL),
(8244,1,269,NULL,'1401','2023-04-01 19:14:35',NULL,NULL,NULL),
(8245,1,270,NULL,'1401','2023-04-01 19:14:35',NULL,NULL,NULL),
(8246,1,271,NULL,'1401','2023-04-01 19:14:35',NULL,NULL,NULL),
(8247,1,272,NULL,'1401','2023-04-01 19:14:35',NULL,NULL,NULL),
(8248,1,273,NULL,'1401','2023-04-01 19:14:35',NULL,NULL,NULL),
(8249,1,274,NULL,'1401','2023-04-01 19:14:35',NULL,NULL,NULL),
(8250,1,275,NULL,'1401','2023-04-01 19:14:35',NULL,NULL,NULL),
(8251,1,276,NULL,'1401','2023-04-01 19:14:35',NULL,NULL,NULL),
(8252,1,277,NULL,'1401','2023-04-01 19:14:35',NULL,NULL,NULL),
(8253,1,278,NULL,'1401','2023-04-01 19:14:35',NULL,NULL,NULL),
(8254,1,279,NULL,'1401','2023-04-01 19:14:35',NULL,NULL,NULL),
(8255,1,280,NULL,'1401','2023-04-01 19:14:35',NULL,NULL,NULL),
(8256,1,281,NULL,'1401','2023-04-01 19:14:35',NULL,NULL,NULL),
(8257,1,282,NULL,'1401','2023-04-01 19:14:35',NULL,NULL,NULL),
(8258,1,283,NULL,'1401','2023-04-01 19:14:35',NULL,NULL,NULL),
(8259,1,284,NULL,'1401','2023-04-01 19:14:35',NULL,NULL,NULL),
(8260,1,285,NULL,'1401','2023-04-01 19:14:35',NULL,NULL,NULL),
(8261,1,286,NULL,'1401','2023-04-01 19:14:35',NULL,NULL,NULL),
(8262,1,287,NULL,'1401','2023-04-01 19:14:35',NULL,NULL,NULL),
(8263,1,288,NULL,'1401','2023-04-01 19:14:35',NULL,NULL,NULL),
(8264,1,289,NULL,'1401','2023-04-01 19:14:35',NULL,NULL,NULL),
(8265,1,290,NULL,'1401','2023-04-01 19:14:35',NULL,NULL,NULL),
(8266,1,291,NULL,'1401','2023-04-01 19:14:35',NULL,NULL,NULL),
(8267,1,292,NULL,'1401','2023-04-01 19:14:35',NULL,NULL,NULL),
(8268,1,293,NULL,'1401','2023-04-01 19:14:35',NULL,NULL,NULL),
(8269,1,294,NULL,'1401','2023-04-01 19:14:35',NULL,NULL,NULL),
(8270,1,295,NULL,'1401','2023-04-01 19:14:35',NULL,NULL,NULL),
(8271,1,296,NULL,'1401','2023-04-01 19:14:35',NULL,NULL,NULL),
(8272,1,297,NULL,'1401','2023-04-01 19:14:35',NULL,NULL,NULL),
(8273,1,298,NULL,'1401','2023-04-01 19:14:35',NULL,NULL,NULL),
(8274,1,299,NULL,'1401','2023-04-01 19:14:35',NULL,NULL,NULL),
(8275,1,300,NULL,'1401','2023-04-01 19:14:35',NULL,NULL,NULL),
(8276,1,301,NULL,'1401','2023-04-01 19:14:35',NULL,NULL,NULL),
(8277,1,302,NULL,'1401','2023-04-01 19:14:35',NULL,NULL,NULL),
(8278,1,303,NULL,'1401','2023-04-01 19:14:35',NULL,NULL,NULL),
(8279,1,304,NULL,'1401','2023-04-01 19:14:35',NULL,NULL,NULL),
(8280,1,305,NULL,'1401','2023-04-01 19:14:35',NULL,NULL,NULL),
(8281,1,306,NULL,'1401','2023-04-01 19:14:35',NULL,NULL,NULL),
(8282,1,307,NULL,'1401','2023-04-01 19:14:35',NULL,NULL,NULL),
(8283,1,308,NULL,'1401','2023-04-01 19:14:35',NULL,NULL,NULL),
(8284,1,309,NULL,'1401','2023-04-01 19:14:35',NULL,NULL,NULL),
(8285,1,310,NULL,'1401','2023-04-01 19:14:35',NULL,NULL,NULL),
(8286,1,311,NULL,'1401','2023-04-01 19:14:35',NULL,NULL,NULL),
(8287,1,312,NULL,'1401','2023-04-01 19:14:35',NULL,NULL,NULL),
(8288,1,313,NULL,'1401','2023-04-01 19:14:35',NULL,NULL,NULL),
(8289,1,314,NULL,'1401','2023-04-01 19:14:35',NULL,NULL,NULL),
(8290,1,315,NULL,'1401','2023-04-01 19:14:35',NULL,NULL,NULL),
(8291,1,316,NULL,'1401','2023-04-01 19:14:35',NULL,NULL,NULL),
(8292,1,317,NULL,'1401','2023-04-01 19:14:35',NULL,NULL,NULL),
(8293,1,318,NULL,'1401','2023-04-01 19:14:35',NULL,NULL,NULL),
(8294,1,319,NULL,'1401','2023-04-01 19:14:35',NULL,NULL,NULL),
(8295,1,320,NULL,'1401','2023-04-01 19:14:35',NULL,NULL,NULL),
(8296,1,321,NULL,'1401','2023-04-01 19:14:35',NULL,NULL,NULL),
(8297,1,322,NULL,'1401','2023-04-01 19:14:35',NULL,NULL,NULL),
(8298,1,323,NULL,'1401','2023-04-01 19:14:35',NULL,NULL,NULL),
(8299,1,324,NULL,'1401','2023-04-01 19:14:35',NULL,NULL,NULL),
(8300,1,325,NULL,'1401','2023-04-01 19:14:35',NULL,NULL,NULL),
(8301,1,326,NULL,'1401','2023-04-01 19:14:35',NULL,NULL,NULL),
(8302,1,327,NULL,'1401','2023-04-01 19:14:35',NULL,NULL,NULL),
(8303,1,328,NULL,'1401','2023-04-01 19:14:35',NULL,NULL,NULL),
(8304,1,329,NULL,'1401','2023-04-01 19:14:35',NULL,NULL,NULL),
(8305,1,330,NULL,'1401','2023-04-01 19:14:35',NULL,NULL,NULL),
(8306,1,331,NULL,'1401','2023-04-01 19:14:35',NULL,NULL,NULL),
(8307,1,332,NULL,'1401','2023-04-01 19:14:35',NULL,NULL,NULL),
(8308,1,333,NULL,'1401','2023-04-01 19:14:35',NULL,NULL,NULL),
(8309,1,334,NULL,'1401','2023-04-01 19:14:35',NULL,NULL,NULL),
(8310,1,335,NULL,'1401','2023-04-01 19:14:35',NULL,NULL,NULL),
(8311,1,336,NULL,'1401','2023-04-01 19:14:35',NULL,NULL,NULL),
(8312,1,337,NULL,'1401','2023-04-01 19:14:35',NULL,NULL,NULL),
(8313,1,338,NULL,'1401','2023-04-01 19:14:35',NULL,NULL,NULL),
(8314,1,339,NULL,'1401','2023-04-01 19:14:35',NULL,NULL,NULL),
(8315,1,340,NULL,'1401','2023-04-01 19:14:35',NULL,NULL,NULL),
(8316,1,341,NULL,'1401','2023-04-01 19:14:35',NULL,NULL,NULL),
(8317,1,342,NULL,'1401','2023-04-01 19:14:35',NULL,NULL,NULL),
(8318,1,343,NULL,'1401','2023-04-01 19:14:35',NULL,NULL,NULL),
(8319,1,344,NULL,'1401','2023-04-01 19:14:35',NULL,NULL,NULL),
(8320,1,345,NULL,'1401','2023-04-01 19:14:35',NULL,NULL,NULL),
(8321,1,346,NULL,'1401','2023-04-01 19:14:35',NULL,NULL,NULL),
(8322,1,347,NULL,'1401','2023-04-01 19:14:35',NULL,NULL,NULL),
(8323,1,348,NULL,'1401','2023-04-01 19:14:35',NULL,NULL,NULL),
(8324,1,349,NULL,'1401','2023-04-01 19:14:35',NULL,NULL,NULL),
(8325,1,350,NULL,'1401','2023-04-01 19:14:35',NULL,NULL,NULL),
(8326,1,351,NULL,'1401','2023-04-01 19:14:35',NULL,NULL,NULL),
(8327,1,352,NULL,'1401','2023-04-01 19:14:35',NULL,NULL,NULL),
(8328,1,353,NULL,'1401','2023-04-01 19:14:35',NULL,NULL,NULL),
(8329,1,354,NULL,'1401','2023-04-01 19:14:35',NULL,NULL,NULL),
(8330,1,355,NULL,'1401','2023-04-01 19:14:35',NULL,NULL,NULL),
(8331,1,356,NULL,'1401','2023-04-01 19:14:35',NULL,NULL,NULL),
(8332,1,357,NULL,'1401','2023-04-01 19:14:35',NULL,NULL,NULL),
(8333,1,358,NULL,'1401','2023-04-01 19:14:35',NULL,NULL,NULL),
(8334,1,359,NULL,'1401','2023-04-01 19:14:35',NULL,NULL,NULL),
(8335,1,360,NULL,'1401','2023-04-01 19:14:35',NULL,NULL,NULL),
(8336,1,361,NULL,'1401','2023-04-01 19:14:35',NULL,NULL,NULL),
(8337,1,362,NULL,'1401','2023-04-01 19:14:35',NULL,NULL,NULL),
(8338,1,363,NULL,'1401','2023-04-01 19:14:35',NULL,NULL,NULL),
(8339,1,364,NULL,'1401','2023-04-01 19:14:35',NULL,NULL,NULL),
(8340,1,365,NULL,'1401','2023-04-01 19:14:35',NULL,NULL,NULL),
(8341,1,366,NULL,'1401','2023-04-01 19:14:35',NULL,NULL,NULL),
(8342,1,367,NULL,'1401','2023-04-01 19:14:35',NULL,NULL,NULL),
(8343,1,368,NULL,'1401','2023-04-01 19:14:35',NULL,NULL,NULL),
(8344,1,369,NULL,'1401','2023-04-01 19:14:35',NULL,NULL,NULL),
(8345,1,370,NULL,'1401','2023-04-01 19:14:35',NULL,NULL,NULL),
(8346,1,371,NULL,'1401','2023-04-01 19:14:35',NULL,NULL,NULL),
(8347,1,372,NULL,'1401','2023-04-01 19:14:35',NULL,NULL,NULL),
(8348,1,373,NULL,'1401','2023-04-01 19:14:35',NULL,NULL,NULL),
(8349,1,374,NULL,'1401','2023-04-01 19:14:35',NULL,NULL,NULL),
(8350,1,375,NULL,'1401','2023-04-01 19:14:35',NULL,NULL,NULL),
(8351,1,376,NULL,'1401','2023-04-01 19:14:35',NULL,NULL,NULL),
(8352,1,377,NULL,'1401','2023-04-01 19:14:35',NULL,NULL,NULL),
(8353,1,378,NULL,'1401','2023-04-01 19:14:35',NULL,NULL,NULL),
(8354,1,379,NULL,'1401','2023-04-01 19:14:35',NULL,NULL,NULL),
(8355,1,380,NULL,'1401','2023-04-01 19:14:35',NULL,NULL,NULL),
(8356,1,381,NULL,'1401','2023-04-01 19:14:35',NULL,NULL,NULL),
(8357,1,382,NULL,'1401','2023-04-01 19:14:35',NULL,NULL,NULL),
(8358,1,383,NULL,'1401','2023-04-01 19:14:35',NULL,NULL,NULL),
(8359,1,384,NULL,'1401','2023-04-01 19:14:35',NULL,NULL,NULL),
(8360,1,385,NULL,'1401','2023-04-01 19:14:35',NULL,NULL,NULL),
(8361,1,386,NULL,'1401','2023-04-01 19:14:35',NULL,NULL,NULL),
(8362,1,387,NULL,'1401','2023-04-01 19:14:35',NULL,NULL,NULL),
(8363,1,388,NULL,'1401','2023-04-01 19:14:35',NULL,NULL,NULL),
(8364,1,389,NULL,'1401','2023-04-01 19:14:35',NULL,NULL,NULL),
(8365,1,390,NULL,'1401','2023-04-01 19:14:35',NULL,NULL,NULL),
(8366,1,391,NULL,'1401','2023-04-01 19:14:35',NULL,NULL,NULL),
(8367,1,392,NULL,'1401','2023-04-01 19:14:35',NULL,NULL,NULL),
(8368,1,393,NULL,'1401','2023-04-01 19:14:35',NULL,NULL,NULL),
(8369,1,394,NULL,'1401','2023-04-01 19:14:35',NULL,NULL,NULL),
(8370,1,395,NULL,'1401','2023-04-01 19:14:35',NULL,NULL,NULL),
(8371,1,396,NULL,'1401','2023-04-01 19:14:35',NULL,NULL,NULL),
(8372,1,397,NULL,'1401','2023-04-01 19:14:35',NULL,NULL,NULL),
(8373,1,398,NULL,'1401','2023-04-01 19:14:35',NULL,NULL,NULL),
(8374,1,399,NULL,'1401','2023-04-01 19:14:35',NULL,NULL,NULL),
(8375,1,400,NULL,'1401','2023-04-01 19:14:35',NULL,NULL,NULL),
(8376,1,401,NULL,'1401','2023-04-01 19:14:35',NULL,NULL,NULL),
(8377,1,402,NULL,'1401','2023-04-01 19:14:35',NULL,NULL,NULL),
(8378,1,403,NULL,'1401','2023-04-01 19:14:35',NULL,NULL,NULL),
(8379,1,404,NULL,'1401','2023-04-01 19:14:35',NULL,NULL,NULL),
(8380,1,405,NULL,'1401','2023-04-01 19:14:35',NULL,NULL,NULL),
(8381,1,406,NULL,'1401','2023-04-01 19:14:35',NULL,NULL,NULL),
(8382,1,407,NULL,'1401','2023-04-01 19:14:35',NULL,NULL,NULL),
(8383,1,408,NULL,'1401','2023-04-01 19:14:35',NULL,NULL,NULL),
(8384,1,409,NULL,'1401','2023-04-01 19:14:35',NULL,NULL,NULL),
(8385,1,410,NULL,'1401','2023-04-01 19:14:35',NULL,NULL,NULL),
(8386,1,411,NULL,'1401','2023-04-01 19:14:35',NULL,NULL,NULL),
(8387,1,412,NULL,'1401','2023-04-01 19:14:35',NULL,NULL,NULL),
(8388,1,413,NULL,'1401','2023-04-01 19:14:35',NULL,NULL,NULL),
(8389,1,414,NULL,'1401','2023-04-01 19:14:35',NULL,NULL,NULL),
(8390,1,415,NULL,'1401','2023-04-01 19:14:35',NULL,NULL,NULL),
(8391,1,416,NULL,'1401','2023-04-01 19:14:35',NULL,NULL,NULL),
(8392,1,417,NULL,'1401','2023-04-01 19:14:35',NULL,NULL,NULL),
(8393,1,418,NULL,'1401','2023-04-01 19:14:35',NULL,NULL,NULL),
(8394,1,419,NULL,'1401','2023-04-01 19:14:35',NULL,NULL,NULL),
(8395,1,420,NULL,'1401','2023-04-01 19:14:35',NULL,NULL,NULL),
(8396,1,421,NULL,'1401','2023-04-01 19:14:35',NULL,NULL,NULL),
(8397,1,422,NULL,'1401','2023-04-01 19:14:35',NULL,NULL,NULL),
(8398,1,423,NULL,'1401','2023-04-01 19:14:35',NULL,NULL,NULL),
(8399,1,424,NULL,'1401','2023-04-01 19:14:35',NULL,NULL,NULL),
(8400,1,425,NULL,'1401','2023-04-01 19:14:35',NULL,NULL,NULL),
(8401,1,426,NULL,'1401','2023-04-01 19:14:35',NULL,NULL,NULL),
(8402,1,427,NULL,'1401','2023-04-01 19:14:35',NULL,NULL,NULL),
(8403,1,428,NULL,'1401','2023-04-01 19:14:35',NULL,NULL,NULL),
(8404,1,429,NULL,'1401','2023-04-01 19:14:35',NULL,NULL,NULL),
(8405,1,430,NULL,'1401','2023-04-01 19:14:35',NULL,NULL,NULL),
(8406,1,431,NULL,'1401','2023-04-01 19:14:35',NULL,NULL,NULL),
(8407,1,432,NULL,'1401','2023-04-01 19:14:35',NULL,NULL,NULL),
(8408,1,433,NULL,'1401','2023-04-01 19:14:35',NULL,NULL,NULL),
(8409,1,434,NULL,'1401','2023-04-01 19:14:35',NULL,NULL,NULL),
(8410,1,435,NULL,'1401','2023-04-01 19:14:35',NULL,NULL,NULL),
(8411,1,436,NULL,'1401','2023-04-01 19:14:35',NULL,NULL,NULL),
(8412,1,437,NULL,'1401','2023-04-01 19:14:35',NULL,NULL,NULL),
(8413,1,438,NULL,'1401','2023-04-01 19:14:35',NULL,NULL,NULL),
(8414,1,439,NULL,'1401','2023-04-01 19:14:35',NULL,NULL,NULL),
(8415,1,440,NULL,'1401','2023-04-01 19:14:35',NULL,NULL,NULL),
(8416,1,441,NULL,'1401','2023-04-01 19:14:35',NULL,NULL,NULL),
(8417,1,442,NULL,'1401','2023-04-01 19:14:35',NULL,NULL,NULL),
(8418,1,443,NULL,'1401','2023-04-01 19:14:35',NULL,NULL,NULL),
(8419,1,444,NULL,'1401','2023-04-01 19:14:35',NULL,NULL,NULL),
(8420,1,445,NULL,'1401','2023-04-01 19:14:35',NULL,NULL,NULL),
(8421,1,446,NULL,'1401','2023-04-01 19:14:35',NULL,NULL,NULL),
(8422,1,447,NULL,'1401','2023-04-01 19:14:35',NULL,NULL,NULL),
(8423,1,448,NULL,'1401','2023-04-01 19:14:35',NULL,NULL,NULL),
(8424,1,449,NULL,'1401','2023-04-01 19:14:35',NULL,NULL,NULL),
(8425,1,450,NULL,'1401','2023-04-01 19:14:35',NULL,NULL,NULL),
(8426,1,451,NULL,'1401','2023-04-01 19:14:35',NULL,NULL,NULL),
(8427,1,452,NULL,'1401','2023-04-01 19:14:35',NULL,NULL,NULL),
(8428,1,453,NULL,'1401','2023-04-01 19:14:35',NULL,NULL,NULL),
(8429,1,454,NULL,'1401','2023-04-01 19:14:35',NULL,NULL,NULL),
(8430,1,455,NULL,'1401','2023-04-01 19:14:35',NULL,NULL,NULL),
(8431,1,456,NULL,'1401','2023-04-01 19:14:35',NULL,NULL,NULL),
(8432,1,457,NULL,'1401','2023-04-01 19:14:35',NULL,NULL,NULL),
(8433,1,458,NULL,'1401','2023-04-01 19:14:35',NULL,NULL,NULL),
(8434,1,459,NULL,'1401','2023-04-01 19:14:35',NULL,NULL,NULL),
(8435,1,460,NULL,'1401','2023-04-01 19:14:35',NULL,NULL,NULL),
(8436,1,461,NULL,'1401','2023-04-01 19:14:35',NULL,NULL,NULL),
(8437,1,462,NULL,'1401','2023-04-01 19:14:35',NULL,NULL,NULL),
(8438,1,463,NULL,'1401','2023-04-01 19:14:35',NULL,NULL,NULL),
(8439,1,464,NULL,'1401','2023-04-01 19:14:35',NULL,NULL,NULL),
(8440,1,465,NULL,'1401','2023-04-01 19:14:35',NULL,NULL,NULL),
(8441,1,466,NULL,'1401','2023-04-01 19:14:35',NULL,NULL,NULL),
(8442,1,467,NULL,'1401','2023-04-01 19:14:35',NULL,NULL,NULL),
(8443,1,468,NULL,'1401','2023-04-01 19:14:35',NULL,NULL,NULL),
(8444,1,469,NULL,'1401','2023-04-01 19:14:35',NULL,NULL,NULL),
(8445,1,470,NULL,'1401','2023-04-01 19:14:35',NULL,NULL,NULL),
(8446,1,471,NULL,'1401','2023-04-01 19:14:35',NULL,NULL,NULL),
(8447,1,472,NULL,'1401','2023-04-01 19:14:35',NULL,NULL,NULL),
(8448,1,473,NULL,'1401','2023-04-01 19:14:35',NULL,NULL,NULL),
(8449,1,474,NULL,'1401','2023-04-01 19:14:35',NULL,NULL,NULL),
(8450,1,475,NULL,'1401','2023-04-01 19:14:35',NULL,NULL,NULL),
(8451,1,476,NULL,'1401','2023-04-01 19:14:35',NULL,NULL,NULL),
(8452,1,477,NULL,'1401','2023-04-01 19:14:35',NULL,NULL,NULL),
(8453,1,478,NULL,'1401','2023-04-01 19:14:35',NULL,NULL,NULL),
(8454,1,479,NULL,'1401','2023-04-01 19:14:35',NULL,NULL,NULL),
(8455,1,480,NULL,'1401','2023-04-01 19:14:35',NULL,NULL,NULL),
(8456,1,481,NULL,'1401','2023-04-01 19:14:35',NULL,NULL,NULL),
(8457,1,482,NULL,'1401','2023-04-01 19:14:35',NULL,NULL,NULL),
(8458,1,483,NULL,'1401','2023-04-01 19:14:35',NULL,NULL,NULL),
(8459,1,484,NULL,'1401','2023-04-01 19:14:35',NULL,NULL,NULL),
(8460,1,485,NULL,'1401','2023-04-01 19:14:35',NULL,NULL,NULL),
(8461,1,486,NULL,'1401','2023-04-01 19:14:35',NULL,NULL,NULL),
(8462,1,487,NULL,'1401','2023-04-01 19:14:35',NULL,NULL,NULL),
(8463,1,488,NULL,'1401','2023-04-01 19:14:35',NULL,NULL,NULL),
(8464,1,489,NULL,'1401','2023-04-01 19:14:35',NULL,NULL,NULL),
(8465,1,490,NULL,'1401','2023-04-01 19:14:35',NULL,NULL,NULL),
(8466,1,491,NULL,'1401','2023-04-01 19:14:35',NULL,NULL,NULL),
(8467,1,492,NULL,'1401','2023-04-01 19:14:35',NULL,NULL,NULL),
(8468,1,493,NULL,'1401','2023-04-01 19:14:35',NULL,NULL,NULL),
(8469,1,494,NULL,'1401','2023-04-01 19:14:35',NULL,NULL,NULL),
(8470,1,495,NULL,'1401','2023-04-01 19:14:35',NULL,NULL,NULL),
(8471,1,496,NULL,'1401','2023-04-01 19:14:35',NULL,NULL,NULL),
(8472,1,497,NULL,'1401','2023-04-01 19:14:35',NULL,NULL,NULL),
(8473,1,498,NULL,'1401','2023-04-01 19:14:35',NULL,NULL,NULL),
(8474,1,499,NULL,'1401','2023-04-01 19:14:35',NULL,NULL,NULL),
(8475,1,500,NULL,'1401','2023-04-01 19:14:35',NULL,NULL,NULL),
(8476,1,501,NULL,'1401','2023-04-01 19:14:35',NULL,NULL,NULL),
(8477,1,502,NULL,'1401','2023-04-01 19:14:35',NULL,NULL,NULL),
(8478,1,503,NULL,'1401','2023-04-01 19:14:35',NULL,NULL,NULL),
(8479,1,504,NULL,'1401','2023-04-01 19:14:35',NULL,NULL,NULL),
(8480,1,505,NULL,'1401','2023-04-01 19:14:35',NULL,NULL,NULL),
(8481,1,506,NULL,'1401','2023-04-01 19:14:35',NULL,NULL,NULL),
(8482,1,507,NULL,'1401','2023-04-01 19:14:35',NULL,NULL,NULL),
(8483,1,508,NULL,'1401','2023-04-01 19:14:35',NULL,NULL,NULL),
(8484,1,509,NULL,'1401','2023-04-01 19:14:35',NULL,NULL,NULL),
(8485,1,510,NULL,'1401','2023-04-01 19:14:35',NULL,NULL,NULL),
(8486,1,511,NULL,'1401','2023-04-01 19:14:35',NULL,NULL,NULL),
(8487,1,512,NULL,'1401','2023-04-01 19:14:35',NULL,NULL,NULL),
(8488,1,513,NULL,'1401','2023-04-01 19:14:35',NULL,NULL,NULL),
(8489,1,514,NULL,'1401','2023-04-01 19:14:35',NULL,NULL,NULL),
(8490,1,515,NULL,'1401','2023-04-01 19:14:35',NULL,NULL,NULL),
(8491,1,516,NULL,'1401','2023-04-01 19:14:35',NULL,NULL,NULL),
(8492,1,517,NULL,'1401','2023-04-01 19:14:35',NULL,NULL,NULL),
(8493,1,518,NULL,'1401','2023-04-01 19:14:35',NULL,NULL,NULL),
(8494,1,519,NULL,'1401','2023-04-01 19:14:35',NULL,NULL,NULL),
(8495,1,520,NULL,'1401','2023-04-01 19:14:35',NULL,NULL,NULL),
(8496,1,521,NULL,'1401','2023-04-01 19:14:35',NULL,NULL,NULL),
(8497,1,522,NULL,'1401','2023-04-01 19:14:35',NULL,NULL,NULL),
(8498,1,523,NULL,'1401','2023-04-01 19:14:35',NULL,NULL,NULL),
(8499,1,524,NULL,'1401','2023-04-01 19:14:35',NULL,NULL,NULL),
(8500,1,525,NULL,'1401','2023-04-01 19:14:35',NULL,NULL,NULL),
(8501,1,526,NULL,'1401','2023-04-01 19:14:35',NULL,NULL,NULL),
(8502,1,527,NULL,'1401','2023-04-01 19:14:35',NULL,NULL,NULL),
(8503,1,528,NULL,'1401','2023-04-01 19:14:35',NULL,NULL,NULL),
(8504,1,529,NULL,'1401','2023-04-01 19:14:35',NULL,NULL,NULL),
(8505,1,530,NULL,'1401','2023-04-01 19:14:35',NULL,NULL,NULL),
(8506,1,531,NULL,'1401','2023-04-01 19:14:35',NULL,NULL,NULL),
(8507,1,532,NULL,'1401','2023-04-01 19:14:35',NULL,NULL,NULL),
(8508,1,533,NULL,'1401','2023-04-01 19:14:35',NULL,NULL,NULL),
(8509,1,534,NULL,'1401','2023-04-01 19:14:35',NULL,NULL,NULL),
(8510,1,535,NULL,'1401','2023-04-01 19:14:35',NULL,NULL,NULL),
(8511,1,536,NULL,'1401','2023-04-01 19:14:35',NULL,NULL,NULL),
(8512,1,537,NULL,'1401','2023-04-01 19:14:35',NULL,NULL,NULL),
(8513,1,538,NULL,'1401','2023-04-01 19:14:35',NULL,NULL,NULL),
(8514,1,539,NULL,'1401','2023-04-01 19:14:35',NULL,NULL,NULL),
(8515,1,540,NULL,'1401','2023-04-01 19:14:35',NULL,NULL,NULL),
(8516,1,541,NULL,'1401','2023-04-01 19:14:35',NULL,NULL,NULL),
(8517,1,542,NULL,'1401','2023-04-01 19:14:35',NULL,NULL,NULL),
(8518,1,543,NULL,'1401','2023-04-01 19:14:35',NULL,NULL,NULL),
(8519,1,544,NULL,'1401','2023-04-01 19:14:35',NULL,NULL,NULL),
(8520,1,545,NULL,'1401','2023-04-01 19:14:35',NULL,NULL,NULL),
(8521,1,546,NULL,'1401','2023-04-01 19:14:35',NULL,NULL,NULL),
(8522,1,547,NULL,'1401','2023-04-01 19:14:35',NULL,NULL,NULL),
(8523,1,548,NULL,'1401','2023-04-01 19:14:35',NULL,NULL,NULL),
(8524,1,549,NULL,'1401','2023-04-01 19:14:35',NULL,NULL,NULL),
(8525,1,550,NULL,'1401','2023-04-01 19:14:35',NULL,NULL,NULL),
(8526,1,551,NULL,'1401','2023-04-01 19:14:35',NULL,NULL,NULL),
(8527,1,552,NULL,'1401','2023-04-01 19:14:35',NULL,NULL,NULL),
(8528,1,553,NULL,'1401','2023-04-01 19:14:35',NULL,NULL,NULL),
(8529,1,554,NULL,'1401','2023-04-01 19:14:35',NULL,NULL,NULL),
(8530,1,555,NULL,'1401','2023-04-01 19:14:35',NULL,NULL,NULL),
(8531,1,556,NULL,'1401','2023-04-01 19:14:35',NULL,NULL,NULL),
(8532,1,557,NULL,'1401','2023-04-01 19:14:35',NULL,NULL,NULL),
(8533,1,558,NULL,'1401','2023-04-01 19:14:35',NULL,NULL,NULL),
(8534,1,559,NULL,'1401','2023-04-01 19:14:35',NULL,NULL,NULL),
(8535,1,560,NULL,'1401','2023-04-01 19:14:35',NULL,NULL,NULL),
(8536,1,561,NULL,'1401','2023-04-01 19:14:35',NULL,NULL,NULL),
(8537,1,562,NULL,'1401','2023-04-01 19:14:35',NULL,NULL,NULL),
(8538,1,563,NULL,'1401','2023-04-01 19:14:35',NULL,NULL,NULL),
(8539,1,564,NULL,'1401','2023-04-01 19:14:35',NULL,NULL,NULL),
(8540,1,565,NULL,'1401','2023-04-01 19:14:35',NULL,NULL,NULL),
(8541,1,566,NULL,'1401','2023-04-01 19:14:35',NULL,NULL,NULL),
(8542,1,567,NULL,'1401','2023-04-01 19:14:35',NULL,NULL,NULL),
(8543,1,568,NULL,'1401','2023-04-01 19:14:35',NULL,NULL,NULL),
(8544,1,569,NULL,'1401','2023-04-01 19:14:35',NULL,NULL,NULL),
(8545,1,570,NULL,'1401','2023-04-01 19:14:35',NULL,NULL,NULL),
(8546,1,571,NULL,'1401','2023-04-01 19:14:35',NULL,NULL,NULL),
(8547,1,572,NULL,'1401','2023-04-01 19:14:35',NULL,NULL,NULL),
(8548,1,573,NULL,'1401','2023-04-01 19:14:35',NULL,NULL,NULL),
(8549,1,574,NULL,'1401','2023-04-01 19:14:35',NULL,NULL,NULL),
(8550,1,575,NULL,'1401','2023-04-01 19:14:35',NULL,NULL,NULL),
(8551,1,576,NULL,'1401','2023-04-01 19:14:35',NULL,NULL,NULL),
(8552,1,577,NULL,'1401','2023-04-01 19:14:35',NULL,NULL,NULL),
(8553,1,578,NULL,'1401','2023-04-01 19:14:35',NULL,NULL,NULL),
(8554,1,579,NULL,'1401','2023-04-01 19:14:35',NULL,NULL,NULL),
(8555,1,580,NULL,'1401','2023-04-01 19:14:35',NULL,NULL,NULL),
(8556,1,581,NULL,'1401','2023-04-01 19:14:35',NULL,NULL,NULL),
(8557,1,582,NULL,'1401','2023-04-01 19:14:35',NULL,NULL,NULL),
(8558,1,583,NULL,'1401','2023-04-01 19:14:35',NULL,NULL,NULL),
(8559,1,584,NULL,'1401','2023-04-01 19:14:35',NULL,NULL,NULL),
(8560,1,585,NULL,'1401','2023-04-01 19:14:35',NULL,NULL,NULL),
(8561,1,586,NULL,'1401','2023-04-01 19:14:35',NULL,NULL,NULL),
(8562,1,587,NULL,'1401','2023-04-01 19:14:35',NULL,NULL,NULL),
(8563,1,588,NULL,'1401','2023-04-01 19:14:35',NULL,NULL,NULL),
(8564,1,589,NULL,'1401','2023-04-01 19:14:35',NULL,NULL,NULL),
(8565,1,590,NULL,'1401','2023-04-01 19:14:35',NULL,NULL,NULL),
(8566,1,591,NULL,'1401','2023-04-01 19:14:35',NULL,NULL,NULL),
(8567,1,592,NULL,'1401','2023-04-01 19:14:35',NULL,NULL,NULL),
(8568,1,593,NULL,'1401','2023-04-01 19:14:35',NULL,NULL,NULL),
(8569,1,594,NULL,'1401','2023-04-01 19:14:35',NULL,NULL,NULL),
(8570,1,595,NULL,'1401','2023-04-01 19:14:35',NULL,NULL,NULL),
(8571,1,596,NULL,'1401','2023-04-01 19:14:35',NULL,NULL,NULL),
(8572,1,597,NULL,'1401','2023-04-01 19:14:35',NULL,NULL,NULL),
(8573,1,598,NULL,'1401','2023-04-01 19:14:35',NULL,NULL,NULL),
(8574,1,599,NULL,'1401','2023-04-01 19:14:35',NULL,NULL,NULL),
(8575,1,600,NULL,'1401','2023-04-01 19:14:35',NULL,NULL,NULL),
(8576,1,601,NULL,'1401','2023-04-01 19:14:35',NULL,NULL,NULL),
(8577,1,602,NULL,'1401','2023-04-01 19:14:35',NULL,NULL,NULL),
(8578,1,603,NULL,'1401','2023-04-01 19:14:35',NULL,NULL,NULL),
(8579,1,604,NULL,'1401','2023-04-01 19:14:35',NULL,NULL,NULL),
(8580,1,605,NULL,'1401','2023-04-01 19:14:35',NULL,NULL,NULL),
(8581,1,606,NULL,'1401','2023-04-01 19:14:35',NULL,NULL,NULL),
(8582,1,607,NULL,'1401','2023-04-01 19:14:35',NULL,NULL,NULL),
(8583,1,608,NULL,'1401','2023-04-01 19:14:35',NULL,NULL,NULL),
(8584,1,609,NULL,'1401','2023-04-01 19:14:35',NULL,NULL,NULL),
(8585,1,610,NULL,'1401','2023-04-01 19:14:35',NULL,NULL,NULL),
(8586,1,611,NULL,'1401','2023-04-01 19:14:35',NULL,NULL,NULL),
(8587,1,612,NULL,'1401','2023-04-01 19:14:35',NULL,NULL,NULL),
(8588,1,613,NULL,'1401','2023-04-01 19:14:35',NULL,NULL,NULL),
(8589,1,614,NULL,'1401','2023-04-01 19:14:35',NULL,NULL,NULL),
(8590,1,615,NULL,'1401','2023-04-01 19:14:35',NULL,NULL,NULL),
(8591,1,616,NULL,'1401','2023-04-01 19:14:35',NULL,NULL,NULL),
(8592,1,617,NULL,'1401','2023-04-01 19:14:35',NULL,NULL,NULL),
(8593,1,618,NULL,'1401','2023-04-01 19:14:35',NULL,NULL,NULL),
(8594,1,619,NULL,'1401','2023-04-01 19:14:35',NULL,NULL,NULL),
(8595,1,620,NULL,'1401','2023-04-01 19:14:35',NULL,NULL,NULL),
(8596,1,621,NULL,'1401','2023-04-01 19:14:35',NULL,NULL,NULL),
(8597,1,622,NULL,'1401','2023-04-01 19:14:35',NULL,NULL,NULL),
(8598,1,623,NULL,'1401','2023-04-01 19:14:35',NULL,NULL,NULL),
(8599,1,624,NULL,'1401','2023-04-01 19:14:35',NULL,NULL,NULL),
(8600,1,625,NULL,'1401','2023-04-01 19:14:35',NULL,NULL,NULL),
(8601,1,626,NULL,'1401','2023-04-01 19:14:35',NULL,NULL,NULL),
(8602,1,627,NULL,'1401','2023-04-01 19:14:35',NULL,NULL,NULL),
(8603,1,628,NULL,'1401','2023-04-01 19:14:35',NULL,NULL,NULL),
(8604,1,629,NULL,'1401','2023-04-01 19:14:35',NULL,NULL,NULL),
(8605,1,630,NULL,'1401','2023-04-01 19:14:35',NULL,NULL,NULL),
(8606,1,631,NULL,'1401','2023-04-01 19:14:35',NULL,NULL,NULL),
(8607,1,632,NULL,'1401','2023-04-01 19:14:35',NULL,NULL,NULL),
(8608,1,633,NULL,'1401','2023-04-01 19:14:35',NULL,NULL,NULL),
(8609,1,634,NULL,'1401','2023-04-01 19:14:35',NULL,NULL,NULL),
(8610,1,635,NULL,'1401','2023-04-01 19:14:35',NULL,NULL,NULL),
(8611,1,636,NULL,'1401','2023-04-01 19:14:35',NULL,NULL,NULL),
(8612,1,637,NULL,'1401','2023-04-01 19:14:35',NULL,NULL,NULL),
(8613,1,638,NULL,'1401','2023-04-01 19:14:35',NULL,NULL,NULL),
(8614,1,639,NULL,'1401','2023-04-01 19:14:35',NULL,NULL,NULL),
(8615,1,640,NULL,'1401','2023-04-01 19:14:35',NULL,NULL,NULL),
(8616,1,641,NULL,'1401','2023-04-01 19:14:35',NULL,NULL,NULL),
(8617,1,642,NULL,'1401','2023-04-01 19:14:35',NULL,NULL,NULL),
(8618,1,643,NULL,'1401','2023-04-01 19:14:35',NULL,NULL,NULL),
(8619,1,644,NULL,'1401','2023-04-01 19:14:35',NULL,NULL,NULL),
(8620,1,645,NULL,'1401','2023-04-01 19:14:35',NULL,NULL,NULL),
(8621,1,646,NULL,'1401','2023-04-01 19:14:35',NULL,NULL,NULL),
(8622,1,647,NULL,'1401','2023-04-01 19:14:35',NULL,NULL,NULL),
(8623,1,648,NULL,'1401','2023-04-01 19:14:35',NULL,NULL,NULL),
(8624,1,649,NULL,'1401','2023-04-01 19:14:35',NULL,NULL,NULL),
(8625,1,650,NULL,'1401','2023-04-01 19:14:35',NULL,NULL,NULL),
(8626,1,651,NULL,'1401','2023-04-01 19:14:35',NULL,NULL,NULL),
(8627,1,652,NULL,'1401','2023-04-01 19:14:35',NULL,NULL,NULL),
(8628,1,653,NULL,'1401','2023-04-01 19:14:35',NULL,NULL,NULL),
(8629,1,654,NULL,'1401','2023-04-01 19:14:35',NULL,NULL,NULL),
(8630,1,655,NULL,'1401','2023-04-01 19:14:35',NULL,NULL,NULL),
(8631,1,656,NULL,'1401','2023-04-01 19:14:35',NULL,NULL,NULL),
(8632,1,657,NULL,'1401','2023-04-01 19:14:35',NULL,NULL,NULL),
(8633,1,658,NULL,'1401','2023-04-01 19:14:35',NULL,NULL,NULL),
(8634,1,659,NULL,'1401','2023-04-01 19:14:35',NULL,NULL,NULL),
(8635,1,660,NULL,'1401','2023-04-01 19:14:35',NULL,NULL,NULL),
(8636,1,661,NULL,'1401','2023-04-01 19:14:35',NULL,NULL,NULL),
(8637,1,662,NULL,'1401','2023-04-01 19:14:35',NULL,NULL,NULL),
(8638,1,663,NULL,'1401','2023-04-01 19:14:35',NULL,NULL,NULL),
(8639,1,664,NULL,'1401','2023-04-01 19:14:35',NULL,NULL,NULL),
(8640,1,665,NULL,'1401','2023-04-01 19:14:35',NULL,NULL,NULL),
(8641,1,666,NULL,'1401','2023-04-01 19:14:35',NULL,NULL,NULL),
(8642,1,667,NULL,'1401','2023-04-01 19:14:35',NULL,NULL,NULL),
(8643,1,668,NULL,'1401','2023-04-01 19:14:35',NULL,NULL,NULL),
(8644,1,669,NULL,'1401','2023-04-01 19:14:35',NULL,NULL,NULL),
(8645,1,670,NULL,'1401','2023-04-01 19:14:35',NULL,NULL,NULL),
(8646,1,671,NULL,'1401','2023-04-01 19:14:35',NULL,NULL,NULL),
(8647,1,672,NULL,'1401','2023-04-01 19:14:35',NULL,NULL,NULL),
(8648,1,673,NULL,'1401','2023-04-01 19:14:35',NULL,NULL,NULL),
(8649,1,674,NULL,'1401','2023-04-01 19:14:35',NULL,NULL,NULL),
(8650,1,675,NULL,'1401','2023-04-01 19:14:35',NULL,NULL,NULL),
(8651,1,676,NULL,'1401','2023-04-01 19:14:35',NULL,NULL,NULL),
(8652,1,677,NULL,'1401','2023-04-01 19:14:35',NULL,NULL,NULL),
(8653,1,678,NULL,'1401','2023-04-01 19:14:35',NULL,NULL,NULL),
(8654,1,679,NULL,'1401','2023-04-01 19:14:35',NULL,NULL,NULL),
(8655,1,680,NULL,'1401','2023-04-01 19:14:35',NULL,NULL,NULL),
(8656,1,681,NULL,'1401','2023-04-01 19:14:35',NULL,NULL,NULL),
(8657,1,682,NULL,'1401','2023-04-01 19:14:35',NULL,NULL,NULL),
(8658,1,683,NULL,'1401','2023-04-01 19:14:35',NULL,NULL,NULL),
(8659,1,684,NULL,'1401','2023-04-01 19:14:35',NULL,NULL,NULL),
(8660,1,685,NULL,'1401','2023-04-01 19:14:35',NULL,NULL,NULL),
(8661,1,686,NULL,'1401','2023-04-01 19:14:35',NULL,NULL,NULL),
(8662,1,687,NULL,'1401','2023-04-01 19:14:35',NULL,NULL,NULL),
(8663,1,688,NULL,'1401','2023-04-01 19:14:35',NULL,NULL,NULL),
(8664,1,689,NULL,'1401','2023-04-01 19:14:35',NULL,NULL,NULL),
(8665,1,690,NULL,'1401','2023-04-01 19:14:35',NULL,NULL,NULL),
(8666,1,691,NULL,'1401','2023-04-01 19:14:35',NULL,NULL,NULL),
(8667,1,692,NULL,'1401','2023-04-01 19:14:35',NULL,NULL,NULL),
(8668,1,693,NULL,'1401','2023-04-01 19:14:35',NULL,NULL,NULL),
(8669,1,694,NULL,'1401','2023-04-01 19:14:35',NULL,NULL,NULL),
(8670,1,695,NULL,'1401','2023-04-01 19:14:35',NULL,NULL,NULL),
(8671,1,696,NULL,'1401','2023-04-01 19:14:35',NULL,NULL,NULL),
(8672,1,697,NULL,'1401','2023-04-01 19:14:35',NULL,NULL,NULL),
(8673,1,698,NULL,'1401','2023-04-01 19:14:35',NULL,NULL,NULL),
(8674,1,699,NULL,'1401','2023-04-01 19:14:35',NULL,NULL,NULL),
(8675,1,700,NULL,'1401','2023-04-01 19:14:35',NULL,NULL,NULL),
(8676,1,701,NULL,'1401','2023-04-01 19:14:35',NULL,NULL,NULL),
(8677,1,702,NULL,'1401','2023-04-01 19:14:35',NULL,NULL,NULL),
(8678,1,703,NULL,'1401','2023-04-01 19:14:35',NULL,NULL,NULL),
(8679,1,704,NULL,'1401','2023-04-01 19:14:35',NULL,NULL,NULL),
(8680,1,705,NULL,'1401','2023-04-01 19:14:35',NULL,NULL,NULL),
(8681,1,706,NULL,'1401','2023-04-01 19:14:35',NULL,NULL,NULL),
(8682,1,707,NULL,'1401','2023-04-01 19:14:35',NULL,NULL,NULL),
(8683,1,708,NULL,'1401','2023-04-01 19:14:35',NULL,NULL,NULL),
(8684,1,709,NULL,'1401','2023-04-01 19:14:35',NULL,NULL,NULL),
(8685,1,710,NULL,'1401','2023-04-01 19:14:35',NULL,NULL,NULL),
(8686,1,711,NULL,'1401','2023-04-01 19:14:35',NULL,NULL,NULL),
(8687,1,712,NULL,'1401','2023-04-01 19:14:35',NULL,NULL,NULL),
(8688,1,713,NULL,'1401','2023-04-01 19:14:35',NULL,NULL,NULL),
(8689,1,714,NULL,'1401','2023-04-01 19:14:35',NULL,NULL,NULL),
(8690,1,715,NULL,'1401','2023-04-01 19:14:35',NULL,NULL,NULL),
(8691,1,716,NULL,'1401','2023-04-01 19:14:35',NULL,NULL,NULL),
(8692,1,717,NULL,'1401','2023-04-01 19:14:35',NULL,NULL,NULL),
(8693,1,718,NULL,'1401','2023-04-01 19:14:35',NULL,NULL,NULL),
(8694,1,719,NULL,'1401','2023-04-01 19:14:35',NULL,NULL,NULL),
(8695,1,720,NULL,'1401','2023-04-01 19:14:35',NULL,NULL,NULL),
(8696,1,721,NULL,'1401','2023-04-01 19:14:35',NULL,NULL,NULL),
(8697,1,722,NULL,'1401','2023-04-01 19:14:35',NULL,NULL,NULL),
(8698,1,723,NULL,'1401','2023-04-01 19:14:35',NULL,NULL,NULL),
(8699,1,724,NULL,'1401','2023-04-01 19:14:35',NULL,NULL,NULL),
(8700,1,725,NULL,'1401','2023-04-01 19:14:35',NULL,NULL,NULL),
(8701,1,726,NULL,'1401','2023-04-01 19:14:35',NULL,NULL,NULL),
(8702,1,727,NULL,'1401','2023-04-01 19:14:35',NULL,NULL,NULL),
(8703,1,728,NULL,'1401','2023-04-01 19:14:35',NULL,NULL,NULL),
(8704,1,729,NULL,'1401','2023-04-01 19:14:35',NULL,NULL,NULL),
(8705,1,730,NULL,'1401','2023-04-01 19:14:35',NULL,NULL,NULL),
(8706,1,731,NULL,'1401','2023-04-01 19:14:35',NULL,NULL,NULL),
(8707,1,732,NULL,'1401','2023-04-01 19:14:35',NULL,NULL,NULL),
(8708,1,733,NULL,'1401','2023-04-01 19:14:35',NULL,NULL,NULL),
(8709,1,734,NULL,'1401','2023-04-01 19:14:35',NULL,NULL,NULL),
(8710,1,735,NULL,'1401','2023-04-01 19:14:35',NULL,NULL,NULL),
(8711,1,736,NULL,'1401','2023-04-01 19:14:35',NULL,NULL,NULL),
(8712,1,737,NULL,'1401','2023-04-01 19:14:35',NULL,NULL,NULL),
(8713,1,738,NULL,'1401','2023-04-01 19:14:35',NULL,NULL,NULL),
(8714,1,739,NULL,'1401','2023-04-01 19:14:35',NULL,NULL,NULL),
(8715,1,740,NULL,'1401','2023-04-01 19:14:35',NULL,NULL,NULL),
(8716,1,741,NULL,'1401','2023-04-01 19:14:35',NULL,NULL,NULL),
(8717,1,742,NULL,'1401','2023-04-01 19:14:35',NULL,NULL,NULL),
(8718,1,743,NULL,'1401','2023-04-01 19:14:35',NULL,NULL,NULL),
(8719,1,744,NULL,'1401','2023-04-01 19:14:35',NULL,NULL,NULL),
(8720,1,745,NULL,'1401','2023-04-01 19:14:35',NULL,NULL,NULL),
(8721,1,746,NULL,'1401','2023-04-01 19:14:35',NULL,NULL,NULL),
(8722,1,747,NULL,'1401','2023-04-01 19:14:35',NULL,NULL,NULL),
(8723,1,748,NULL,'1401','2023-04-01 19:14:35',NULL,NULL,NULL),
(8724,1,749,NULL,'1401','2023-04-01 19:14:35',NULL,NULL,NULL),
(8725,1,750,NULL,'1401','2023-04-01 19:14:35',NULL,NULL,NULL),
(8726,1,751,NULL,'1401','2023-04-01 19:14:35',NULL,NULL,NULL),
(8727,1,752,NULL,'1401','2023-04-01 19:14:35',NULL,NULL,NULL),
(8728,1,753,NULL,'1401','2023-04-01 19:14:35',NULL,NULL,NULL),
(8729,1,754,NULL,'1401','2023-04-01 19:14:35',NULL,NULL,NULL),
(8730,1,755,NULL,'1401','2023-04-01 19:14:35',NULL,NULL,NULL),
(8731,1,756,NULL,'1401','2023-04-01 19:14:35',NULL,NULL,NULL),
(8732,1,757,NULL,'1401','2023-04-01 19:14:35',NULL,NULL,NULL),
(8733,1,758,NULL,'1401','2023-04-01 19:14:35',NULL,NULL,NULL),
(8734,1,759,NULL,'1401','2023-04-01 19:14:35',NULL,NULL,NULL),
(8735,1,760,NULL,'1401','2023-04-01 19:14:35',NULL,NULL,NULL),
(8736,1,761,NULL,'1401','2023-04-01 19:14:35',NULL,NULL,NULL),
(8737,1,762,NULL,'1401','2023-04-01 19:14:35',NULL,NULL,NULL),
(8738,1,763,NULL,'1401','2023-04-01 19:14:35',NULL,NULL,NULL),
(8739,1,764,NULL,'1401','2023-04-01 19:14:35',NULL,NULL,NULL),
(8740,1,765,NULL,'1401','2023-04-01 19:14:35',NULL,NULL,NULL),
(8741,1,766,NULL,'1401','2023-04-01 19:14:35',NULL,NULL,NULL),
(8742,1,767,NULL,'1401','2023-04-01 19:14:35',NULL,NULL,NULL),
(8743,1,768,NULL,'1401','2023-04-01 19:14:35',NULL,NULL,NULL),
(8744,1,769,NULL,'1401','2023-04-01 19:14:35',NULL,NULL,NULL),
(8745,1,770,NULL,'1401','2023-04-01 19:14:35',NULL,NULL,NULL),
(8746,1,771,NULL,'1401','2023-04-01 19:14:35',NULL,NULL,NULL),
(8747,1,772,NULL,'1401','2023-04-01 19:14:35',NULL,NULL,NULL),
(8748,1,773,NULL,'1401','2023-04-01 19:14:35',NULL,NULL,NULL),
(8749,1,774,NULL,'1401','2023-04-01 19:14:35',NULL,NULL,NULL),
(8750,1,775,NULL,'1401','2023-04-01 19:14:35',NULL,NULL,NULL),
(8751,1,776,NULL,'1401','2023-04-01 19:14:35',NULL,NULL,NULL),
(8752,1,777,NULL,'1401','2023-04-01 19:14:35',NULL,NULL,NULL),
(8753,1,778,NULL,'1401','2023-04-01 19:14:35',NULL,NULL,NULL),
(8754,1,779,NULL,'1401','2023-04-01 19:14:35',NULL,NULL,NULL),
(8755,1,780,NULL,'1401','2023-04-01 19:14:35',NULL,NULL,NULL),
(8756,1,781,NULL,'1401','2023-04-01 19:14:35',NULL,NULL,NULL),
(8757,1,782,NULL,'1401','2023-04-01 19:14:35',NULL,NULL,NULL),
(8758,1,783,NULL,'1401','2023-04-01 19:14:35',NULL,NULL,NULL),
(8759,1,784,NULL,'1401','2023-04-01 19:14:35',NULL,NULL,NULL),
(8760,1,785,NULL,'1401','2023-04-01 19:14:35',NULL,NULL,NULL),
(8761,1,786,NULL,'1401','2023-04-01 19:14:35',NULL,NULL,NULL),
(8762,1,787,NULL,'1401','2023-04-01 19:14:35',NULL,NULL,NULL),
(8763,1,788,NULL,'1401','2023-04-01 19:14:35',NULL,NULL,NULL),
(8764,1,789,NULL,'1401','2023-04-01 19:14:35',NULL,NULL,NULL),
(8765,1,790,NULL,'1401','2023-04-01 19:14:35',NULL,NULL,NULL),
(8766,1,791,NULL,'1401','2023-04-01 19:14:35',NULL,NULL,NULL),
(8767,1,792,NULL,'1401','2023-04-01 19:14:35',NULL,NULL,NULL),
(8768,1,793,NULL,'1401','2023-04-01 19:14:35',NULL,NULL,NULL),
(8769,1,794,NULL,'1401','2023-04-01 19:14:35',NULL,NULL,NULL),
(8770,1,795,NULL,'1401','2023-04-01 19:14:35',NULL,NULL,NULL),
(8771,1,796,NULL,'1401','2023-04-01 19:14:35',NULL,NULL,NULL),
(8772,1,797,NULL,'1401','2023-04-01 19:14:35',NULL,NULL,NULL),
(8773,1,798,NULL,'1401','2023-04-01 19:14:35',NULL,NULL,NULL),
(8774,1,799,NULL,'1401','2023-04-01 19:14:35',NULL,NULL,NULL),
(8775,1,800,NULL,'1401','2023-04-01 19:14:35',NULL,NULL,NULL),
(8776,1,801,NULL,'1401','2023-04-01 19:14:35',NULL,NULL,NULL),
(8777,1,802,NULL,'1401','2023-04-01 19:14:35',NULL,NULL,NULL),
(8778,1,803,NULL,'1401','2023-04-01 19:14:35',NULL,NULL,NULL),
(8779,1,804,NULL,'1401','2023-04-01 19:14:35',NULL,NULL,NULL),
(8780,1,805,NULL,'1401','2023-04-01 19:14:35',NULL,NULL,NULL),
(8781,1,806,NULL,'1401','2023-04-01 19:14:35',NULL,NULL,NULL),
(8782,1,807,NULL,'1401','2023-04-01 19:14:35',NULL,NULL,NULL),
(8783,1,808,NULL,'1401','2023-04-01 19:14:35',NULL,NULL,NULL),
(8784,1,809,NULL,'1401','2023-04-01 19:14:35',NULL,NULL,NULL),
(8785,1,810,NULL,'1401','2023-04-01 19:14:35',NULL,NULL,NULL),
(8786,1,811,NULL,'1401','2023-04-01 19:14:35',NULL,NULL,NULL),
(8787,1,812,NULL,'1401','2023-04-01 19:14:35',NULL,NULL,NULL),
(8788,1,813,NULL,'1401','2023-04-01 19:14:35',NULL,NULL,NULL),
(8789,1,814,NULL,'1401','2023-04-01 19:14:35',NULL,NULL,NULL),
(8790,1,815,NULL,'1401','2023-04-01 19:14:35',NULL,NULL,NULL),
(8791,1,816,NULL,'1401','2023-04-01 19:14:35',NULL,NULL,NULL),
(8792,1,817,NULL,'1401','2023-04-01 19:14:35',NULL,NULL,NULL),
(8793,1,818,NULL,'1401','2023-04-01 19:14:35',NULL,NULL,NULL),
(8794,1,819,NULL,'1401','2023-04-01 19:14:35',NULL,NULL,NULL),
(8795,1,820,NULL,'1401','2023-04-01 19:14:35',NULL,NULL,NULL),
(8796,1,821,NULL,'1401','2023-04-01 19:14:35',NULL,NULL,NULL),
(8797,1,822,NULL,'1401','2023-04-01 19:14:35',NULL,NULL,NULL),
(8798,1,823,NULL,'1401','2023-04-01 19:14:35',NULL,NULL,NULL),
(8799,1,824,NULL,'1401','2023-04-01 19:14:35',NULL,NULL,NULL),
(8800,1,825,NULL,'1401','2023-04-01 19:14:35',NULL,NULL,NULL),
(8801,1,826,NULL,'1401','2023-04-01 19:14:35',NULL,NULL,NULL),
(8802,1,827,NULL,'1401','2023-04-01 19:14:35',NULL,NULL,NULL),
(8803,1,828,NULL,'1401','2023-04-01 19:14:35',NULL,NULL,NULL),
(8804,1,829,NULL,'1401','2023-04-01 19:14:35',NULL,NULL,NULL),
(8805,1,830,NULL,'1401','2023-04-01 19:14:35',NULL,NULL,NULL),
(8806,1,831,NULL,'1401','2023-04-01 19:14:35',NULL,NULL,NULL),
(8807,1,832,NULL,'1401','2023-04-01 19:14:35',NULL,NULL,NULL),
(8808,1,833,NULL,'1401','2023-04-01 19:14:35',NULL,NULL,NULL),
(8809,1,834,NULL,'1401','2023-04-01 19:14:35',NULL,NULL,NULL),
(8810,1,835,NULL,'1401','2023-04-01 19:14:35',NULL,NULL,NULL),
(8811,1,836,NULL,'1401','2023-04-01 19:14:35',NULL,NULL,NULL),
(8812,1,837,NULL,'1401','2023-04-01 19:14:35',NULL,NULL,NULL),
(8813,1,838,NULL,'1401','2023-04-01 19:14:35',NULL,NULL,NULL),
(8814,1,839,NULL,'1401','2023-04-01 19:14:35',NULL,NULL,NULL),
(8815,1,840,NULL,'1401','2023-04-01 19:14:35',NULL,NULL,NULL),
(8816,1,841,NULL,'1401','2023-04-01 19:14:35',NULL,NULL,NULL),
(8817,1,842,NULL,'1401','2023-04-01 19:14:35',NULL,NULL,NULL),
(8818,1,843,NULL,'1401','2023-04-01 19:14:35',NULL,NULL,NULL),
(8819,1,844,NULL,'1401','2023-04-01 19:14:35',NULL,NULL,NULL),
(8820,1,845,NULL,'1401','2023-04-01 19:14:35',NULL,NULL,NULL),
(8821,1,846,NULL,'1401','2023-04-01 19:14:35',NULL,NULL,NULL),
(8822,1,847,NULL,'1401','2023-04-01 19:14:35',NULL,NULL,NULL),
(8823,1,848,NULL,'1401','2023-04-01 19:14:35',NULL,NULL,NULL),
(8824,1,849,NULL,'1401','2023-04-01 19:14:35',NULL,NULL,NULL),
(8825,1,850,NULL,'1401','2023-04-01 19:14:35',NULL,NULL,NULL),
(8826,1,851,NULL,'1401','2023-04-01 19:14:35',NULL,NULL,NULL),
(8827,1,852,NULL,'1401','2023-04-01 19:14:35',NULL,NULL,NULL),
(8828,1,853,NULL,'1401','2023-04-01 19:14:35',NULL,NULL,NULL),
(8829,1,854,NULL,'1401','2023-04-01 19:14:35',NULL,NULL,NULL),
(8830,1,855,NULL,'1401','2023-04-01 19:14:35',NULL,NULL,NULL),
(8831,1,856,NULL,'1401','2023-04-01 19:14:35',NULL,NULL,NULL),
(8832,1,857,NULL,'1401','2023-04-01 19:14:35',NULL,NULL,NULL),
(8833,1,858,NULL,'1401','2023-04-01 19:14:35',NULL,NULL,NULL),
(8834,1,859,NULL,'1401','2023-04-01 19:14:35',NULL,NULL,NULL),
(8835,1,860,NULL,'1401','2023-04-01 19:14:35',NULL,NULL,NULL),
(8836,1,861,NULL,'1401','2023-04-01 19:14:35',NULL,NULL,NULL),
(8837,1,862,NULL,'1401','2023-04-01 19:14:35',NULL,NULL,NULL),
(8838,1,863,NULL,'1401','2023-04-01 19:14:35',NULL,NULL,NULL),
(8839,1,864,NULL,'1401','2023-04-01 19:14:35',NULL,NULL,NULL),
(8840,1,865,NULL,'1401','2023-04-01 19:14:35',NULL,NULL,NULL),
(8841,1,866,NULL,'1401','2023-04-01 19:14:35',NULL,NULL,NULL),
(8842,1,867,NULL,'1401','2023-04-01 19:14:35',NULL,NULL,NULL),
(8843,1,868,NULL,'1401','2023-04-01 19:14:35',NULL,NULL,NULL),
(8844,1,869,NULL,'1401','2023-04-01 19:14:35',NULL,NULL,NULL),
(8845,1,870,NULL,'1401','2023-04-01 19:14:35',NULL,NULL,NULL),
(8846,1,871,NULL,'1401','2023-04-01 19:14:35',NULL,NULL,NULL),
(8847,1,872,NULL,'1401','2023-04-01 19:14:35',NULL,NULL,NULL),
(8848,1,873,NULL,'1401','2023-04-01 19:14:35',NULL,NULL,NULL),
(8849,1,874,NULL,'1401','2023-04-01 19:14:35',NULL,NULL,NULL),
(8850,1,875,NULL,'1401','2023-04-01 19:14:35',NULL,NULL,NULL),
(8851,1,876,NULL,'1401','2023-04-01 19:14:35',NULL,NULL,NULL),
(8852,1,877,NULL,'1401','2023-04-01 19:14:35',NULL,NULL,NULL),
(8853,1,878,NULL,'1401','2023-04-01 19:14:35',NULL,NULL,NULL),
(8854,1,879,NULL,'1401','2023-04-01 19:14:35',NULL,NULL,NULL),
(8855,1,880,NULL,'1401','2023-04-01 19:14:35',NULL,NULL,NULL),
(8856,1,881,NULL,'1401','2023-04-01 19:14:35',NULL,NULL,NULL),
(8857,1,882,NULL,'1401','2023-04-01 19:14:35',NULL,NULL,NULL),
(8858,1,883,NULL,'1401','2023-04-01 19:14:35',NULL,NULL,NULL),
(8859,1,884,NULL,'1401','2023-04-01 19:14:35',NULL,NULL,NULL),
(8860,1,885,NULL,'1401','2023-04-01 19:14:35',NULL,NULL,NULL),
(8861,1,886,NULL,'1401','2023-04-01 19:14:35',NULL,NULL,NULL),
(8862,1,887,NULL,'1401','2023-04-01 19:14:35',NULL,NULL,NULL),
(8863,1,888,NULL,'1401','2023-04-01 19:14:35',NULL,NULL,NULL),
(8864,1,889,NULL,'1401','2023-04-01 19:14:35',NULL,NULL,NULL),
(8865,1,890,NULL,'1401','2023-04-01 19:14:35',NULL,NULL,NULL),
(8866,1,891,NULL,'1401','2023-04-01 19:14:35',NULL,NULL,NULL),
(8867,1,892,NULL,'1401','2023-04-01 19:14:35',NULL,NULL,NULL),
(8868,1,893,NULL,'1401','2023-04-01 19:14:35',NULL,NULL,NULL),
(8869,1,894,NULL,'1401','2023-04-01 19:14:35',NULL,NULL,NULL),
(8870,1,895,NULL,'1401','2023-04-01 19:14:35',NULL,NULL,NULL),
(8871,1,896,NULL,'1401','2023-04-01 19:14:35',NULL,NULL,NULL),
(8872,1,897,NULL,'1401','2023-04-01 19:14:35',NULL,NULL,NULL),
(8873,1,898,NULL,'1401','2023-04-01 19:14:35',NULL,NULL,NULL),
(8874,1,899,NULL,'1401','2023-04-01 19:14:35',NULL,NULL,NULL),
(8875,1,900,NULL,'1401','2023-04-01 19:14:35',NULL,NULL,NULL),
(8876,1,901,NULL,'1401','2023-04-01 19:14:35',NULL,NULL,NULL),
(8877,1,902,NULL,'1401','2023-04-01 19:14:35',NULL,NULL,NULL),
(8878,1,903,NULL,'1401','2023-04-01 19:14:35',NULL,NULL,NULL),
(8879,1,904,NULL,'1401','2023-04-01 19:14:35',NULL,NULL,NULL),
(8880,1,905,NULL,'1401','2023-04-01 19:14:35',NULL,NULL,NULL),
(8881,1,906,NULL,'1401','2023-04-01 19:14:35',NULL,NULL,NULL),
(8882,1,907,NULL,'1401','2023-04-01 19:14:35',NULL,NULL,NULL),
(8883,1,908,NULL,'1401','2023-04-01 19:14:35',NULL,NULL,NULL),
(8884,1,909,NULL,'1401','2023-04-01 19:14:35',NULL,NULL,NULL),
(8885,1,910,NULL,'1401','2023-04-01 19:14:35',NULL,NULL,NULL),
(8886,1,911,NULL,'1401','2023-04-01 19:14:35',NULL,NULL,NULL),
(8887,1,912,NULL,'1401','2023-04-01 19:14:35',NULL,NULL,NULL),
(8888,1,913,NULL,'1401','2023-04-01 19:14:35',NULL,NULL,NULL),
(8889,1,914,NULL,'1401','2023-04-01 19:14:35',NULL,NULL,NULL),
(8890,1,915,NULL,'1401','2023-04-01 19:14:35',NULL,NULL,NULL),
(8891,1,916,NULL,'1401','2023-04-01 19:14:35',NULL,NULL,NULL),
(8892,1,917,NULL,'1401','2023-04-01 19:14:35',NULL,NULL,NULL),
(8893,1,918,NULL,'1401','2023-04-01 19:14:35',NULL,NULL,NULL),
(8894,1,919,NULL,'1401','2023-04-01 19:14:35',NULL,NULL,NULL),
(8895,1,920,NULL,'1401','2023-04-01 19:14:35',NULL,NULL,NULL),
(8896,1,921,NULL,'1401','2023-04-01 19:14:35',NULL,NULL,NULL),
(8897,1,922,NULL,'1401','2023-04-01 19:14:35',NULL,NULL,NULL),
(8898,1,923,NULL,'1401','2023-04-01 19:14:35',NULL,NULL,NULL),
(8899,1,924,NULL,'1401','2023-04-01 19:14:35',NULL,NULL,NULL),
(8900,1,925,NULL,'1401','2023-04-01 19:14:35',NULL,NULL,NULL),
(8901,1,926,NULL,'1401','2023-04-01 19:14:35',NULL,NULL,NULL),
(8902,1,927,NULL,'1401','2023-04-01 19:14:35',NULL,NULL,NULL),
(8903,1,928,NULL,'1401','2023-04-01 19:14:35',NULL,NULL,NULL),
(8904,1,929,NULL,'1401','2023-04-01 19:14:35',NULL,NULL,NULL),
(8905,1,930,NULL,'1401','2023-04-01 19:14:35',NULL,NULL,NULL),
(8906,1,931,NULL,'1401','2023-04-01 19:14:35',NULL,NULL,NULL),
(8907,1,932,NULL,'1401','2023-04-01 19:14:35',NULL,NULL,NULL),
(8908,1,933,NULL,'1401','2023-04-01 19:14:35',NULL,NULL,NULL),
(8909,1,934,NULL,'1401','2023-04-01 19:14:35',NULL,NULL,NULL),
(8910,1,935,NULL,'1401','2023-04-01 19:14:35',NULL,NULL,NULL),
(8911,1,936,NULL,'1401','2023-04-01 19:14:35',NULL,NULL,NULL),
(8912,1,937,NULL,'1401','2023-04-01 19:14:35',NULL,NULL,NULL),
(8913,1,938,NULL,'1401','2023-04-01 19:14:35',NULL,NULL,NULL),
(8914,1,939,NULL,'1401','2023-04-01 19:14:35',NULL,NULL,NULL),
(8915,1,940,NULL,'1401','2023-04-01 19:14:35',NULL,NULL,NULL),
(8916,1,941,NULL,'1401','2023-04-01 19:14:35',NULL,NULL,NULL),
(8917,1,942,NULL,'1401','2023-04-01 19:14:35',NULL,NULL,NULL),
(8918,1,943,NULL,'1401','2023-04-01 19:14:35',NULL,NULL,NULL),
(8919,1,944,NULL,'1401','2023-04-01 19:14:35',NULL,NULL,NULL),
(8920,1,945,NULL,'1401','2023-04-01 19:14:35',NULL,NULL,NULL),
(8921,1,946,NULL,'1401','2023-04-01 19:14:35',NULL,NULL,NULL),
(8922,1,947,NULL,'1401','2023-04-01 19:14:35',NULL,NULL,NULL),
(8923,1,948,NULL,'1401','2023-04-01 19:14:35',NULL,NULL,NULL),
(8924,1,949,NULL,'1401','2023-04-01 19:14:35',NULL,NULL,NULL),
(8925,1,950,NULL,'1401','2023-04-01 19:14:35',NULL,NULL,NULL),
(8926,1,951,NULL,'1401','2023-04-01 19:14:35',NULL,NULL,NULL),
(8927,1,952,NULL,'1401','2023-04-01 19:14:35',NULL,NULL,NULL),
(8928,1,953,NULL,'1401','2023-04-01 19:14:35',NULL,NULL,NULL),
(8929,1,954,NULL,'1401','2023-04-01 19:14:35',NULL,NULL,NULL),
(8930,1,955,NULL,'1401','2023-04-01 19:14:35',NULL,NULL,NULL),
(8931,1,956,NULL,'1401','2023-04-01 19:14:35',NULL,NULL,NULL),
(8932,1,957,NULL,'1401','2023-04-01 19:14:35',NULL,NULL,NULL),
(8933,1,958,NULL,'1401','2023-04-01 19:14:35',NULL,NULL,NULL),
(8934,1,959,NULL,'1401','2023-04-01 19:14:35',NULL,NULL,NULL),
(8935,1,960,NULL,'1401','2023-04-01 19:14:35',NULL,NULL,NULL),
(8936,1,961,NULL,'1401','2023-04-01 19:14:35',NULL,NULL,NULL),
(8937,1,962,NULL,'1401','2023-04-01 19:14:35',NULL,NULL,NULL),
(8938,1,963,NULL,'1401','2023-04-01 19:14:35',NULL,NULL,NULL),
(8939,1,964,NULL,'1401','2023-04-01 19:14:35',NULL,NULL,NULL),
(8940,1,965,NULL,'1401','2023-04-01 19:14:35',NULL,NULL,NULL),
(8941,1,966,NULL,'1401','2023-04-01 19:14:35',NULL,NULL,NULL),
(8942,1,967,NULL,'1401','2023-04-01 19:14:35',NULL,NULL,NULL),
(8943,1,968,NULL,'1401','2023-04-01 19:14:35',NULL,NULL,NULL),
(8944,1,969,NULL,'1401','2023-04-01 19:14:35',NULL,NULL,NULL),
(8945,1,970,NULL,'1401','2023-04-01 19:14:35',NULL,NULL,NULL),
(8946,1,971,NULL,'1401','2023-04-01 19:14:35',NULL,NULL,NULL),
(8947,1,972,NULL,'1401','2023-04-01 19:14:35',NULL,NULL,NULL),
(8948,1,973,NULL,'1401','2023-04-01 19:14:35',NULL,NULL,NULL),
(8949,1,974,NULL,'1401','2023-04-01 19:14:35',NULL,NULL,NULL),
(8950,1,975,NULL,'1401','2023-04-01 19:14:35',NULL,NULL,NULL),
(8951,1,976,NULL,'1401','2023-04-01 19:14:35',NULL,NULL,NULL),
(8952,1,977,NULL,'1401','2023-04-01 19:14:35',NULL,NULL,NULL),
(8953,1,978,NULL,'1401','2023-04-01 19:14:35',NULL,NULL,NULL),
(8954,1,979,NULL,'1401','2023-04-01 19:14:35',NULL,NULL,NULL),
(8955,1,980,NULL,'1401','2023-04-01 19:14:35',NULL,NULL,NULL),
(8956,1,981,NULL,'1401','2023-04-01 19:14:35',NULL,NULL,NULL),
(8957,1,982,NULL,'1401','2023-04-01 19:14:35',NULL,NULL,NULL),
(8958,1,983,NULL,'1401','2023-04-01 19:14:35',NULL,NULL,NULL),
(8959,1,984,NULL,'1401','2023-04-01 19:14:35',NULL,NULL,NULL),
(8960,1,985,NULL,'1401','2023-04-01 19:14:35',NULL,NULL,NULL),
(8961,1,986,NULL,'1401','2023-04-01 19:14:35',NULL,NULL,NULL),
(8962,1,987,NULL,'1401','2023-04-01 19:14:35',NULL,NULL,NULL),
(8963,1,988,NULL,'1401','2023-04-01 19:14:35',NULL,NULL,NULL),
(8964,1,989,NULL,'1401','2023-04-01 19:14:35',NULL,NULL,NULL),
(8965,1,990,NULL,'1401','2023-04-01 19:14:35',NULL,NULL,NULL),
(8966,1,991,NULL,'1401','2023-04-01 19:14:35',NULL,NULL,NULL),
(8967,1,992,NULL,'1401','2023-04-01 19:14:35',NULL,NULL,NULL),
(8968,1,993,NULL,'1401','2023-04-01 19:14:35',NULL,NULL,NULL),
(8969,1,994,NULL,'1401','2023-04-01 19:14:35',NULL,NULL,NULL),
(8970,1,995,NULL,'1401','2023-04-01 19:14:35',NULL,NULL,NULL),
(8971,1,996,NULL,'1401','2023-04-01 19:14:35',NULL,NULL,NULL),
(8972,1,997,NULL,'1401','2023-04-01 19:14:35',NULL,NULL,NULL),
(8973,1,998,NULL,'1401','2023-04-01 19:14:35',NULL,NULL,NULL),
(8974,1,999,NULL,'1401','2023-04-01 19:14:35',NULL,NULL,NULL),
(8975,1,1000,NULL,'1401','2023-04-01 19:14:35',NULL,NULL,NULL),
(8976,2,1,NULL,'1401','2023-04-01 19:14:35',NULL,NULL,NULL),
(8977,2,2,NULL,'1401','2023-04-01 19:14:35',NULL,NULL,NULL),
(8978,2,3,NULL,'1401','2023-04-01 19:14:35',NULL,NULL,NULL),
(8979,2,4,NULL,'1401','2023-04-01 19:14:35',NULL,NULL,NULL),
(8980,2,5,NULL,'1401','2023-04-01 19:14:35',NULL,NULL,NULL),
(8981,2,6,NULL,'1401','2023-04-01 19:14:35',NULL,NULL,NULL),
(8982,2,7,NULL,'1401','2023-04-01 19:14:35',NULL,NULL,NULL),
(8983,2,8,NULL,'1401','2023-04-01 19:14:35',NULL,NULL,NULL),
(8984,2,9,NULL,'1401','2023-04-01 19:14:35',NULL,NULL,NULL),
(8985,2,10,NULL,'1401','2023-04-01 19:14:35',NULL,NULL,NULL),
(8986,2,11,NULL,'1401','2023-04-01 19:14:35',NULL,NULL,NULL),
(8987,2,12,NULL,'1401','2023-04-01 19:14:35',NULL,NULL,NULL),
(8988,2,13,NULL,'1401','2023-04-01 19:14:35',NULL,NULL,NULL),
(8989,2,14,NULL,'1401','2023-04-01 19:14:35',NULL,NULL,NULL),
(8990,2,15,NULL,'1401','2023-04-01 19:14:35',NULL,NULL,NULL),
(8991,2,16,NULL,'1401','2023-04-01 19:14:35',NULL,NULL,NULL),
(8992,2,17,NULL,'1401','2023-04-01 19:14:35',NULL,NULL,NULL),
(8993,2,18,NULL,'1401','2023-04-01 19:14:35',NULL,NULL,NULL),
(8994,2,19,NULL,'1401','2023-04-01 19:14:35',NULL,NULL,NULL),
(8995,2,20,NULL,'1401','2023-04-01 19:14:35',NULL,NULL,NULL),
(8996,2,21,NULL,'1401','2023-04-01 19:14:35',NULL,NULL,NULL),
(8997,2,22,NULL,'1401','2023-04-01 19:14:35',NULL,NULL,NULL),
(8998,2,23,NULL,'1401','2023-04-01 19:14:35',NULL,NULL,NULL),
(8999,2,24,NULL,'1401','2023-04-01 19:14:35',NULL,NULL,NULL),
(9000,2,25,NULL,'1401','2023-04-01 19:14:35',NULL,NULL,NULL),
(9001,2,26,NULL,'1401','2023-04-01 19:14:35',NULL,NULL,NULL),
(9002,2,27,NULL,'1401','2023-04-01 19:14:35',NULL,NULL,NULL),
(9003,2,28,NULL,'1401','2023-04-01 19:14:35',NULL,NULL,NULL),
(9004,2,29,NULL,'1401','2023-04-01 19:14:35',NULL,NULL,NULL),
(9005,2,30,NULL,'1401','2023-04-01 19:14:35',NULL,NULL,NULL),
(9006,2,31,NULL,'1401','2023-04-01 19:14:35',NULL,NULL,NULL),
(9007,2,32,NULL,'1401','2023-04-01 19:14:35',NULL,NULL,NULL),
(9008,2,33,NULL,'1401','2023-04-01 19:14:35',NULL,NULL,NULL),
(9009,2,34,NULL,'1401','2023-04-01 19:14:35',NULL,NULL,NULL),
(9010,2,35,NULL,'1401','2023-04-01 19:14:35',NULL,NULL,NULL),
(9011,2,36,NULL,'1401','2023-04-01 19:14:35',NULL,NULL,NULL),
(9012,2,37,NULL,'1401','2023-04-01 19:14:35',NULL,NULL,NULL),
(9013,2,38,NULL,'1401','2023-04-01 19:14:35',NULL,NULL,NULL),
(9014,2,39,NULL,'1401','2023-04-01 19:14:35',NULL,NULL,NULL),
(9015,2,40,NULL,'1401','2023-04-01 19:14:35',NULL,NULL,NULL),
(9016,2,41,NULL,'1401','2023-04-01 19:14:35',NULL,NULL,NULL),
(9017,2,42,NULL,'1401','2023-04-01 19:14:35',NULL,NULL,NULL),
(9018,2,43,NULL,'1401','2023-04-01 19:14:35',NULL,NULL,NULL),
(9019,2,44,NULL,'1401','2023-04-01 19:14:35',NULL,NULL,NULL),
(9020,2,45,NULL,'1401','2023-04-01 19:14:35',NULL,NULL,NULL),
(9021,2,46,NULL,'1401','2023-04-01 19:14:35',NULL,NULL,NULL),
(9022,2,47,NULL,'1401','2023-04-01 19:14:35',NULL,NULL,NULL),
(9023,2,48,NULL,'1401','2023-04-01 19:14:35',NULL,NULL,NULL),
(9024,2,49,NULL,'1401','2023-04-01 19:14:35',NULL,NULL,NULL),
(9025,2,50,NULL,'1401','2023-04-01 19:14:35',NULL,NULL,NULL),
(9026,2,51,NULL,'1401','2023-04-01 19:14:35',NULL,NULL,NULL),
(9027,2,52,NULL,'1401','2023-04-01 19:14:35',NULL,NULL,NULL),
(9028,2,53,NULL,'1401','2023-04-01 19:14:35',NULL,NULL,NULL),
(9029,2,54,NULL,'1401','2023-04-01 19:14:35',NULL,NULL,NULL),
(9030,2,55,NULL,'1401','2023-04-01 19:14:35',NULL,NULL,NULL),
(9031,2,56,NULL,'1401','2023-04-01 19:14:35',NULL,NULL,NULL),
(9032,2,57,NULL,'1401','2023-04-01 19:14:35',NULL,NULL,NULL),
(9033,2,58,NULL,'1401','2023-04-01 19:14:35',NULL,NULL,NULL),
(9034,2,59,NULL,'1401','2023-04-01 19:14:35',NULL,NULL,NULL),
(9035,2,60,NULL,'1401','2023-04-01 19:14:35',NULL,NULL,NULL),
(9036,2,61,NULL,'1401','2023-04-01 19:14:35',NULL,NULL,NULL),
(9037,2,62,NULL,'1401','2023-04-01 19:14:35',NULL,NULL,NULL),
(9038,2,63,NULL,'1401','2023-04-01 19:14:35',NULL,NULL,NULL),
(9039,2,64,NULL,'1401','2023-04-01 19:14:35',NULL,NULL,NULL),
(9040,2,65,NULL,'1401','2023-04-01 19:14:35',NULL,NULL,NULL),
(9041,2,66,NULL,'1401','2023-04-01 19:14:35',NULL,NULL,NULL),
(9042,2,67,NULL,'1401','2023-04-01 19:14:35',NULL,NULL,NULL),
(9043,2,68,NULL,'1401','2023-04-01 19:14:35',NULL,NULL,NULL),
(9044,2,69,NULL,'1401','2023-04-01 19:14:35',NULL,NULL,NULL),
(9045,2,70,NULL,'1401','2023-04-01 19:14:35',NULL,NULL,NULL),
(9046,2,71,NULL,'1401','2023-04-01 19:14:35',NULL,NULL,NULL),
(9047,2,72,NULL,'1401','2023-04-01 19:14:35',NULL,NULL,NULL),
(9048,2,73,NULL,'1401','2023-04-01 19:14:35',NULL,NULL,NULL),
(9049,2,74,NULL,'1401','2023-04-01 19:14:35',NULL,NULL,NULL),
(9050,2,75,NULL,'1401','2023-04-01 19:14:35',NULL,NULL,NULL),
(9051,2,76,NULL,'1401','2023-04-01 19:14:35',NULL,NULL,NULL),
(9052,2,77,NULL,'1401','2023-04-01 19:14:35',NULL,NULL,NULL),
(9053,2,78,NULL,'1401','2023-04-01 19:14:35',NULL,NULL,NULL),
(9054,2,79,NULL,'1401','2023-04-01 19:14:35',NULL,NULL,NULL),
(9055,2,80,NULL,'1401','2023-04-01 19:14:35',NULL,NULL,NULL),
(9056,2,81,NULL,'1401','2023-04-01 19:14:35',NULL,NULL,NULL),
(9057,2,82,NULL,'1401','2023-04-01 19:14:35',NULL,NULL,NULL),
(9058,2,83,NULL,'1401','2023-04-01 19:14:35',NULL,NULL,NULL),
(9059,2,84,NULL,'1401','2023-04-01 19:14:35',NULL,NULL,NULL),
(9060,2,85,NULL,'1401','2023-04-01 19:14:35',NULL,NULL,NULL),
(9061,2,86,NULL,'1401','2023-04-01 19:14:35',NULL,NULL,NULL),
(9062,2,87,NULL,'1401','2023-04-01 19:14:35',NULL,NULL,NULL),
(9063,2,88,NULL,'1401','2023-04-01 19:14:35',NULL,NULL,NULL),
(9064,2,89,NULL,'1401','2023-04-01 19:14:35',NULL,NULL,NULL),
(9065,2,90,NULL,'1401','2023-04-01 19:14:35',NULL,NULL,NULL),
(9066,2,91,NULL,'1401','2023-04-01 19:14:35',NULL,NULL,NULL),
(9067,2,92,NULL,'1401','2023-04-01 19:14:35',NULL,NULL,NULL),
(9068,2,93,NULL,'1401','2023-04-01 19:14:35',NULL,NULL,NULL),
(9069,2,94,NULL,'1401','2023-04-01 19:14:35',NULL,NULL,NULL),
(9070,2,95,NULL,'1401','2023-04-01 19:14:35',NULL,NULL,NULL),
(9071,2,96,NULL,'1401','2023-04-01 19:14:35',NULL,NULL,NULL),
(9072,2,97,NULL,'1401','2023-04-01 19:14:35',NULL,NULL,NULL),
(9073,2,98,NULL,'1401','2023-04-01 19:14:35',NULL,NULL,NULL),
(9074,2,99,NULL,'1401','2023-04-01 19:14:35',NULL,NULL,NULL),
(9075,2,100,NULL,'1401','2023-04-01 19:14:35',NULL,NULL,NULL),
(9076,2,101,NULL,'1401','2023-04-01 19:14:35',NULL,NULL,NULL),
(9077,2,102,NULL,'1401','2023-04-01 19:14:35',NULL,NULL,NULL),
(9078,2,103,NULL,'1401','2023-04-01 19:14:35',NULL,NULL,NULL),
(9079,2,104,NULL,'1401','2023-04-01 19:14:35',NULL,NULL,NULL),
(9080,2,105,NULL,'1401','2023-04-01 19:14:35',NULL,NULL,NULL),
(9081,2,106,NULL,'1401','2023-04-01 19:14:35',NULL,NULL,NULL),
(9082,2,107,NULL,'1401','2023-04-01 19:14:35',NULL,NULL,NULL),
(9083,2,108,NULL,'1401','2023-04-01 19:14:35',NULL,NULL,NULL),
(9084,2,109,NULL,'1401','2023-04-01 19:14:35',NULL,NULL,NULL),
(9085,2,110,NULL,'1401','2023-04-01 19:14:35',NULL,NULL,NULL),
(9086,2,111,NULL,'1401','2023-04-01 19:14:35',NULL,NULL,NULL),
(9087,2,112,NULL,'1401','2023-04-01 19:14:35',NULL,NULL,NULL),
(9088,2,113,NULL,'1401','2023-04-01 19:14:35',NULL,NULL,NULL),
(9089,2,114,NULL,'1401','2023-04-01 19:14:35',NULL,NULL,NULL),
(9090,2,115,NULL,'1401','2023-04-01 19:14:35',NULL,NULL,NULL),
(9091,2,116,NULL,'1401','2023-04-01 19:14:35',NULL,NULL,NULL),
(9092,2,117,NULL,'1401','2023-04-01 19:14:35',NULL,NULL,NULL),
(9093,2,118,NULL,'1401','2023-04-01 19:14:35',NULL,NULL,NULL),
(9094,2,119,NULL,'1401','2023-04-01 19:14:35',NULL,NULL,NULL),
(9095,2,120,NULL,'1401','2023-04-01 19:14:35',NULL,NULL,NULL),
(9096,2,121,NULL,'1401','2023-04-01 19:14:35',NULL,NULL,NULL),
(9097,2,122,NULL,'1401','2023-04-01 19:14:35',NULL,NULL,NULL),
(9098,2,123,NULL,'1401','2023-04-01 19:14:35',NULL,NULL,NULL),
(9099,2,124,NULL,'1401','2023-04-01 19:14:35',NULL,NULL,NULL),
(9100,2,125,NULL,'1401','2023-04-01 19:14:35',NULL,NULL,NULL),
(9101,2,126,NULL,'1401','2023-04-01 19:14:35',NULL,NULL,NULL),
(9102,2,127,NULL,'1401','2023-04-01 19:14:35',NULL,NULL,NULL),
(9103,2,128,NULL,'1401','2023-04-01 19:14:35',NULL,NULL,NULL),
(9104,2,129,NULL,'1401','2023-04-01 19:14:35',NULL,NULL,NULL),
(9105,2,130,NULL,'1401','2023-04-01 19:14:35',NULL,NULL,NULL),
(9106,2,131,NULL,'1401','2023-04-01 19:14:35',NULL,NULL,NULL),
(9107,2,132,NULL,'1401','2023-04-01 19:14:35',NULL,NULL,NULL),
(9108,2,133,NULL,'1401','2023-04-01 19:14:35',NULL,NULL,NULL),
(9109,2,134,NULL,'1401','2023-04-01 19:14:35',NULL,NULL,NULL),
(9110,2,135,NULL,'1401','2023-04-01 19:14:35',NULL,NULL,NULL),
(9111,2,136,NULL,'1401','2023-04-01 19:14:35',NULL,NULL,NULL),
(9112,2,137,NULL,'1401','2023-04-01 19:14:35',NULL,NULL,NULL),
(9113,2,138,NULL,'1401','2023-04-01 19:14:35',NULL,NULL,NULL),
(9114,2,139,NULL,'1401','2023-04-01 19:14:35',NULL,NULL,NULL),
(9115,2,140,NULL,'1401','2023-04-01 19:14:35',NULL,NULL,NULL),
(9116,2,141,NULL,'1401','2023-04-01 19:14:35',NULL,NULL,NULL),
(9117,2,142,NULL,'1401','2023-04-01 19:14:35',NULL,NULL,NULL),
(9118,2,143,NULL,'1401','2023-04-01 19:14:35',NULL,NULL,NULL),
(9119,2,144,NULL,'1401','2023-04-01 19:14:35',NULL,NULL,NULL),
(9120,2,145,NULL,'1401','2023-04-01 19:14:35',NULL,NULL,NULL),
(9121,2,146,NULL,'1401','2023-04-01 19:14:35',NULL,NULL,NULL),
(9122,2,147,NULL,'1401','2023-04-01 19:14:35',NULL,NULL,NULL),
(9123,2,148,NULL,'1401','2023-04-01 19:14:35',NULL,NULL,NULL),
(9124,2,149,NULL,'1401','2023-04-01 19:14:35',NULL,NULL,NULL),
(9125,2,150,NULL,'1401','2023-04-01 19:14:35',NULL,NULL,NULL),
(9126,2,151,NULL,'1401','2023-04-01 19:14:35',NULL,NULL,NULL),
(9127,2,152,NULL,'1401','2023-04-01 19:14:35',NULL,NULL,NULL),
(9128,2,153,NULL,'1401','2023-04-01 19:14:35',NULL,NULL,NULL),
(9129,2,154,NULL,'1401','2023-04-01 19:14:35',NULL,NULL,NULL),
(9130,2,155,NULL,'1401','2023-04-01 19:14:35',NULL,NULL,NULL),
(9131,2,156,NULL,'1401','2023-04-01 19:14:35',NULL,NULL,NULL),
(9132,2,157,NULL,'1401','2023-04-01 19:14:35',NULL,NULL,NULL),
(9133,2,158,NULL,'1401','2023-04-01 19:14:35',NULL,NULL,NULL),
(9134,2,159,NULL,'1401','2023-04-01 19:14:35',NULL,NULL,NULL),
(9135,2,160,NULL,'1401','2023-04-01 19:14:35',NULL,NULL,NULL),
(9136,2,161,NULL,'1401','2023-04-01 19:14:35',NULL,NULL,NULL),
(9137,2,162,NULL,'1401','2023-04-01 19:14:35',NULL,NULL,NULL),
(9138,2,163,NULL,'1401','2023-04-01 19:14:35',NULL,NULL,NULL),
(9139,2,164,NULL,'1401','2023-04-01 19:14:35',NULL,NULL,NULL),
(9140,2,165,NULL,'1401','2023-04-01 19:14:35',NULL,NULL,NULL),
(9141,2,166,NULL,'1401','2023-04-01 19:14:35',NULL,NULL,NULL),
(9142,2,167,NULL,'1401','2023-04-01 19:14:35',NULL,NULL,NULL),
(9143,2,168,NULL,'1401','2023-04-01 19:14:35',NULL,NULL,NULL),
(9144,2,169,NULL,'1401','2023-04-01 19:14:35',NULL,NULL,NULL),
(9145,2,170,NULL,'1401','2023-04-01 19:14:35',NULL,NULL,NULL),
(9146,2,171,NULL,'1401','2023-04-01 19:14:35',NULL,NULL,NULL),
(9147,2,172,NULL,'1401','2023-04-01 19:14:35',NULL,NULL,NULL),
(9148,2,173,NULL,'1401','2023-04-01 19:14:35',NULL,NULL,NULL),
(9149,2,174,NULL,'1401','2023-04-01 19:14:35',NULL,NULL,NULL),
(9150,2,175,NULL,'1401','2023-04-01 19:14:35',NULL,NULL,NULL),
(9151,2,176,NULL,'1401','2023-04-01 19:14:35',NULL,NULL,NULL),
(9152,2,177,NULL,'1401','2023-04-01 19:14:35',NULL,NULL,NULL),
(9153,2,178,NULL,'1401','2023-04-01 19:14:35',NULL,NULL,NULL),
(9154,2,179,NULL,'1401','2023-04-01 19:14:35',NULL,NULL,NULL),
(9155,2,180,NULL,'1401','2023-04-01 19:14:35',NULL,NULL,NULL),
(9156,2,181,NULL,'1401','2023-04-01 19:14:35',NULL,NULL,NULL),
(9157,2,182,NULL,'1401','2023-04-01 19:14:35',NULL,NULL,NULL),
(9158,2,183,NULL,'1401','2023-04-01 19:14:35',NULL,NULL,NULL),
(9159,2,184,NULL,'1401','2023-04-01 19:14:35',NULL,NULL,NULL),
(9160,2,185,NULL,'1401','2023-04-01 19:14:35',NULL,NULL,NULL),
(9161,2,186,NULL,'1401','2023-04-01 19:14:35',NULL,NULL,NULL),
(9162,2,187,NULL,'1401','2023-04-01 19:14:35',NULL,NULL,NULL),
(9163,2,188,NULL,'1401','2023-04-01 19:14:35',NULL,NULL,NULL),
(9164,2,189,NULL,'1401','2023-04-01 19:14:35',NULL,NULL,NULL),
(9165,2,190,NULL,'1401','2023-04-01 19:14:35',NULL,NULL,NULL),
(9166,2,191,NULL,'1401','2023-04-01 19:14:35',NULL,NULL,NULL),
(9167,2,192,NULL,'1401','2023-04-01 19:14:35',NULL,NULL,NULL),
(9168,2,193,NULL,'1401','2023-04-01 19:14:35',NULL,NULL,NULL),
(9169,2,194,NULL,'1401','2023-04-01 19:14:35',NULL,NULL,NULL),
(9170,2,195,NULL,'1401','2023-04-01 19:14:35',NULL,NULL,NULL),
(9171,2,196,NULL,'1401','2023-04-01 19:14:35',NULL,NULL,NULL),
(9172,2,197,NULL,'1401','2023-04-01 19:14:35',NULL,NULL,NULL),
(9173,2,198,NULL,'1401','2023-04-01 19:14:35',NULL,NULL,NULL),
(9174,2,199,NULL,'1401','2023-04-01 19:14:35',NULL,NULL,NULL),
(9175,2,200,NULL,'1401','2023-04-01 19:14:35',NULL,NULL,NULL),
(9176,2,201,NULL,'1401','2023-04-01 19:14:35',NULL,NULL,NULL),
(9177,2,202,NULL,'1401','2023-04-01 19:14:35',NULL,NULL,NULL),
(9178,2,203,NULL,'1401','2023-04-01 19:14:35',NULL,NULL,NULL),
(9179,2,204,NULL,'1401','2023-04-01 19:14:35',NULL,NULL,NULL),
(9180,2,205,NULL,'1401','2023-04-01 19:14:35',NULL,NULL,NULL),
(9181,2,206,NULL,'1401','2023-04-01 19:14:35',NULL,NULL,NULL),
(9182,2,207,NULL,'1401','2023-04-01 19:14:35',NULL,NULL,NULL),
(9183,2,208,NULL,'1401','2023-04-01 19:14:35',NULL,NULL,NULL),
(9184,2,209,NULL,'1401','2023-04-01 19:14:35',NULL,NULL,NULL),
(9185,2,210,NULL,'1401','2023-04-01 19:14:35',NULL,NULL,NULL),
(9186,2,211,NULL,'1401','2023-04-01 19:14:35',NULL,NULL,NULL),
(9187,2,212,NULL,'1401','2023-04-01 19:14:35',NULL,NULL,NULL),
(9188,2,213,NULL,'1401','2023-04-01 19:14:35',NULL,NULL,NULL),
(9189,2,214,NULL,'1401','2023-04-01 19:14:35',NULL,NULL,NULL),
(9190,2,215,NULL,'1401','2023-04-01 19:14:35',NULL,NULL,NULL),
(9191,2,216,NULL,'1401','2023-04-01 19:14:35',NULL,NULL,NULL),
(9192,2,217,NULL,'1401','2023-04-01 19:14:35',NULL,NULL,NULL),
(9193,2,218,NULL,'1401','2023-04-01 19:14:35',NULL,NULL,NULL),
(9194,2,219,NULL,'1401','2023-04-01 19:14:35',NULL,NULL,NULL),
(9195,2,220,NULL,'1401','2023-04-01 19:14:35',NULL,NULL,NULL),
(9196,2,221,NULL,'1401','2023-04-01 19:14:35',NULL,NULL,NULL),
(9197,2,222,NULL,'1401','2023-04-01 19:14:35',NULL,NULL,NULL),
(9198,2,223,NULL,'1401','2023-04-01 19:14:35',NULL,NULL,NULL),
(9199,2,224,NULL,'1401','2023-04-01 19:14:35',NULL,NULL,NULL),
(9200,2,225,NULL,'1401','2023-04-01 19:14:35',NULL,NULL,NULL),
(9201,2,226,NULL,'1401','2023-04-01 19:14:35',NULL,NULL,NULL),
(9202,2,227,NULL,'1401','2023-04-01 19:14:35',NULL,NULL,NULL),
(9203,2,228,NULL,'1401','2023-04-01 19:14:35',NULL,NULL,NULL),
(9204,2,229,NULL,'1401','2023-04-01 19:14:35',NULL,NULL,NULL),
(9205,2,230,NULL,'1401','2023-04-01 19:14:35',NULL,NULL,NULL),
(9206,2,231,NULL,'1401','2023-04-01 19:14:35',NULL,NULL,NULL),
(9207,2,232,NULL,'1401','2023-04-01 19:14:35',NULL,NULL,NULL),
(9208,2,233,NULL,'1401','2023-04-01 19:14:35',NULL,NULL,NULL),
(9209,2,234,NULL,'1401','2023-04-01 19:14:35',NULL,NULL,NULL),
(9210,2,235,NULL,'1401','2023-04-01 19:14:35',NULL,NULL,NULL),
(9211,2,236,NULL,'1401','2023-04-01 19:14:35',NULL,NULL,NULL),
(9212,2,237,NULL,'1401','2023-04-01 19:14:35',NULL,NULL,NULL),
(9213,2,238,NULL,'1401','2023-04-01 19:14:35',NULL,NULL,NULL),
(9214,2,239,NULL,'1401','2023-04-01 19:14:35',NULL,NULL,NULL),
(9215,2,240,NULL,'1401','2023-04-01 19:14:35',NULL,NULL,NULL),
(9216,2,241,NULL,'1401','2023-04-01 19:14:35',NULL,NULL,NULL),
(9217,2,242,NULL,'1401','2023-04-01 19:14:35',NULL,NULL,NULL),
(9218,2,243,NULL,'1401','2023-04-01 19:14:35',NULL,NULL,NULL),
(9219,2,244,NULL,'1401','2023-04-01 19:14:35',NULL,NULL,NULL),
(9220,2,245,NULL,'1401','2023-04-01 19:14:35',NULL,NULL,NULL),
(9221,2,246,NULL,'1401','2023-04-01 19:14:35',NULL,NULL,NULL),
(9222,2,247,NULL,'1401','2023-04-01 19:14:35',NULL,NULL,NULL),
(9223,2,248,NULL,'1401','2023-04-01 19:14:35',NULL,NULL,NULL),
(9224,2,249,NULL,'1401','2023-04-01 19:14:35',NULL,NULL,NULL),
(9225,2,250,NULL,'1401','2023-04-01 19:14:35',NULL,NULL,NULL),
(9226,2,251,NULL,'1401','2023-04-01 19:14:35',NULL,NULL,NULL),
(9227,2,252,NULL,'1401','2023-04-01 19:14:35',NULL,NULL,NULL),
(9228,2,253,NULL,'1401','2023-04-01 19:14:35',NULL,NULL,NULL),
(9229,2,254,NULL,'1401','2023-04-01 19:14:35',NULL,NULL,NULL),
(9230,2,255,NULL,'1401','2023-04-01 19:14:35',NULL,NULL,NULL),
(9231,2,256,NULL,'1401','2023-04-01 19:14:35',NULL,NULL,NULL),
(9232,2,257,NULL,'1401','2023-04-01 19:14:35',NULL,NULL,NULL),
(9233,2,258,NULL,'1401','2023-04-01 19:14:35',NULL,NULL,NULL),
(9234,2,259,NULL,'1401','2023-04-01 19:14:35',NULL,NULL,NULL),
(9235,2,260,NULL,'1401','2023-04-01 19:14:35',NULL,NULL,NULL),
(9236,2,261,NULL,'1401','2023-04-01 19:14:35',NULL,NULL,NULL),
(9237,2,262,NULL,'1401','2023-04-01 19:14:35',NULL,NULL,NULL),
(9238,2,263,NULL,'1401','2023-04-01 19:14:35',NULL,NULL,NULL),
(9239,2,264,NULL,'1401','2023-04-01 19:14:35',NULL,NULL,NULL),
(9240,2,265,NULL,'1401','2023-04-01 19:14:35',NULL,NULL,NULL),
(9241,2,266,NULL,'1401','2023-04-01 19:14:35',NULL,NULL,NULL),
(9242,2,267,NULL,'1401','2023-04-01 19:14:35',NULL,NULL,NULL),
(9243,2,268,NULL,'1401','2023-04-01 19:14:35',NULL,NULL,NULL),
(9244,2,269,NULL,'1401','2023-04-01 19:14:35',NULL,NULL,NULL),
(9245,2,270,NULL,'1401','2023-04-01 19:14:35',NULL,NULL,NULL),
(9246,2,271,NULL,'1401','2023-04-01 19:14:35',NULL,NULL,NULL),
(9247,2,272,NULL,'1401','2023-04-01 19:14:35',NULL,NULL,NULL),
(9248,2,273,NULL,'1401','2023-04-01 19:14:35',NULL,NULL,NULL),
(9249,2,274,NULL,'1401','2023-04-01 19:14:35',NULL,NULL,NULL),
(9250,2,275,NULL,'1401','2023-04-01 19:14:35',NULL,NULL,NULL),
(9251,2,276,NULL,'1401','2023-04-01 19:14:35',NULL,NULL,NULL),
(9252,2,277,NULL,'1401','2023-04-01 19:14:35',NULL,NULL,NULL),
(9253,2,278,NULL,'1401','2023-04-01 19:14:35',NULL,NULL,NULL),
(9254,2,279,NULL,'1401','2023-04-01 19:14:35',NULL,NULL,NULL),
(9255,2,280,NULL,'1401','2023-04-01 19:14:35',NULL,NULL,NULL),
(9256,2,281,NULL,'1401','2023-04-01 19:14:35',NULL,NULL,NULL),
(9257,2,282,NULL,'1401','2023-04-01 19:14:35',NULL,NULL,NULL),
(9258,2,283,NULL,'1401','2023-04-01 19:14:35',NULL,NULL,NULL),
(9259,2,284,NULL,'1401','2023-04-01 19:14:35',NULL,NULL,NULL),
(9260,2,285,NULL,'1401','2023-04-01 19:14:35',NULL,NULL,NULL),
(9261,2,286,NULL,'1401','2023-04-01 19:14:35',NULL,NULL,NULL),
(9262,2,287,NULL,'1401','2023-04-01 19:14:35',NULL,NULL,NULL),
(9263,2,288,NULL,'1401','2023-04-01 19:14:35',NULL,NULL,NULL),
(9264,2,289,NULL,'1401','2023-04-01 19:14:35',NULL,NULL,NULL),
(9265,2,290,NULL,'1401','2023-04-01 19:14:35',NULL,NULL,NULL),
(9266,2,291,NULL,'1401','2023-04-01 19:14:35',NULL,NULL,NULL),
(9267,2,292,NULL,'1401','2023-04-01 19:14:35',NULL,NULL,NULL),
(9268,2,293,NULL,'1401','2023-04-01 19:14:35',NULL,NULL,NULL),
(9269,2,294,NULL,'1401','2023-04-01 19:14:35',NULL,NULL,NULL),
(9270,2,295,NULL,'1401','2023-04-01 19:14:35',NULL,NULL,NULL),
(9271,2,296,NULL,'1401','2023-04-01 19:14:35',NULL,NULL,NULL),
(9272,2,297,NULL,'1401','2023-04-01 19:14:35',NULL,NULL,NULL),
(9273,2,298,NULL,'1401','2023-04-01 19:14:35',NULL,NULL,NULL),
(9274,2,299,NULL,'1401','2023-04-01 19:14:35',NULL,NULL,NULL),
(9275,2,300,NULL,'1401','2023-04-01 19:14:35',NULL,NULL,NULL),
(9276,2,301,NULL,'1401','2023-04-01 19:14:35',NULL,NULL,NULL),
(9277,2,302,NULL,'1401','2023-04-01 19:14:35',NULL,NULL,NULL),
(9278,2,303,NULL,'1401','2023-04-01 19:14:35',NULL,NULL,NULL),
(9279,2,304,NULL,'1401','2023-04-01 19:14:35',NULL,NULL,NULL),
(9280,2,305,NULL,'1401','2023-04-01 19:14:35',NULL,NULL,NULL),
(9281,2,306,NULL,'1401','2023-04-01 19:14:35',NULL,NULL,NULL),
(9282,2,307,NULL,'1401','2023-04-01 19:14:35',NULL,NULL,NULL),
(9283,2,308,NULL,'1401','2023-04-01 19:14:35',NULL,NULL,NULL),
(9284,2,309,NULL,'1401','2023-04-01 19:14:35',NULL,NULL,NULL),
(9285,2,310,NULL,'1401','2023-04-01 19:14:35',NULL,NULL,NULL),
(9286,2,311,NULL,'1401','2023-04-01 19:14:35',NULL,NULL,NULL),
(9287,2,312,NULL,'1401','2023-04-01 19:14:35',NULL,NULL,NULL),
(9288,2,313,NULL,'1401','2023-04-01 19:14:35',NULL,NULL,NULL),
(9289,2,314,NULL,'1401','2023-04-01 19:14:35',NULL,NULL,NULL),
(9290,2,315,NULL,'1401','2023-04-01 19:14:35',NULL,NULL,NULL),
(9291,2,316,NULL,'1401','2023-04-01 19:14:35',NULL,NULL,NULL),
(9292,2,317,NULL,'1401','2023-04-01 19:14:35',NULL,NULL,NULL),
(9293,2,318,NULL,'1401','2023-04-01 19:14:35',NULL,NULL,NULL),
(9294,2,319,NULL,'1401','2023-04-01 19:14:35',NULL,NULL,NULL),
(9295,2,320,NULL,'1401','2023-04-01 19:14:35',NULL,NULL,NULL),
(9296,2,321,NULL,'1401','2023-04-01 19:14:35',NULL,NULL,NULL),
(9297,2,322,NULL,'1401','2023-04-01 19:14:35',NULL,NULL,NULL),
(9298,2,323,NULL,'1401','2023-04-01 19:14:35',NULL,NULL,NULL),
(9299,2,324,NULL,'1401','2023-04-01 19:14:35',NULL,NULL,NULL),
(9300,2,325,NULL,'1401','2023-04-01 19:14:35',NULL,NULL,NULL),
(9301,2,326,NULL,'1401','2023-04-01 19:14:35',NULL,NULL,NULL),
(9302,2,327,NULL,'1401','2023-04-01 19:14:35',NULL,NULL,NULL),
(9303,2,328,NULL,'1401','2023-04-01 19:14:35',NULL,NULL,NULL),
(9304,2,329,NULL,'1401','2023-04-01 19:14:35',NULL,NULL,NULL),
(9305,2,330,NULL,'1401','2023-04-01 19:14:35',NULL,NULL,NULL),
(9306,2,331,NULL,'1401','2023-04-01 19:14:35',NULL,NULL,NULL),
(9307,2,332,NULL,'1401','2023-04-01 19:14:35',NULL,NULL,NULL),
(9308,2,333,NULL,'1401','2023-04-01 19:14:35',NULL,NULL,NULL),
(9309,2,334,NULL,'1401','2023-04-01 19:14:35',NULL,NULL,NULL),
(9310,2,335,NULL,'1401','2023-04-01 19:14:35',NULL,NULL,NULL),
(9311,2,336,NULL,'1401','2023-04-01 19:14:35',NULL,NULL,NULL),
(9312,2,337,NULL,'1401','2023-04-01 19:14:35',NULL,NULL,NULL),
(9313,2,338,NULL,'1401','2023-04-01 19:14:35',NULL,NULL,NULL),
(9314,2,339,NULL,'1401','2023-04-01 19:14:35',NULL,NULL,NULL),
(9315,2,340,NULL,'1401','2023-04-01 19:14:35',NULL,NULL,NULL),
(9316,2,341,NULL,'1401','2023-04-01 19:14:35',NULL,NULL,NULL),
(9317,2,342,NULL,'1401','2023-04-01 19:14:35',NULL,NULL,NULL),
(9318,2,343,NULL,'1401','2023-04-01 19:14:35',NULL,NULL,NULL),
(9319,2,344,NULL,'1401','2023-04-01 19:14:35',NULL,NULL,NULL),
(9320,2,345,NULL,'1401','2023-04-01 19:14:35',NULL,NULL,NULL),
(9321,2,346,NULL,'1401','2023-04-01 19:14:35',NULL,NULL,NULL),
(9322,2,347,NULL,'1401','2023-04-01 19:14:35',NULL,NULL,NULL),
(9323,2,348,NULL,'1401','2023-04-01 19:14:35',NULL,NULL,NULL),
(9324,2,349,NULL,'1401','2023-04-01 19:14:35',NULL,NULL,NULL),
(9325,2,350,NULL,'1401','2023-04-01 19:14:35',NULL,NULL,NULL),
(9326,2,351,NULL,'1401','2023-04-01 19:14:35',NULL,NULL,NULL),
(9327,2,352,NULL,'1401','2023-04-01 19:14:35',NULL,NULL,NULL),
(9328,2,353,NULL,'1401','2023-04-01 19:14:35',NULL,NULL,NULL),
(9329,2,354,NULL,'1401','2023-04-01 19:14:35',NULL,NULL,NULL),
(9330,2,355,NULL,'1401','2023-04-01 19:14:35',NULL,NULL,NULL),
(9331,2,356,NULL,'1401','2023-04-01 19:14:35',NULL,NULL,NULL),
(9332,2,357,NULL,'1401','2023-04-01 19:14:35',NULL,NULL,NULL),
(9333,2,358,NULL,'1401','2023-04-01 19:14:35',NULL,NULL,NULL),
(9334,2,359,NULL,'1401','2023-04-01 19:14:35',NULL,NULL,NULL),
(9335,2,360,NULL,'1401','2023-04-01 19:14:35',NULL,NULL,NULL),
(9336,2,361,NULL,'1401','2023-04-01 19:14:35',NULL,NULL,NULL),
(9337,2,362,NULL,'1401','2023-04-01 19:14:35',NULL,NULL,NULL),
(9338,2,363,NULL,'1401','2023-04-01 19:14:35',NULL,NULL,NULL),
(9339,2,364,NULL,'1401','2023-04-01 19:14:35',NULL,NULL,NULL),
(9340,2,365,NULL,'1401','2023-04-01 19:14:35',NULL,NULL,NULL),
(9341,2,366,NULL,'1401','2023-04-01 19:14:35',NULL,NULL,NULL),
(9342,2,367,NULL,'1401','2023-04-01 19:14:35',NULL,NULL,NULL),
(9343,2,368,NULL,'1401','2023-04-01 19:14:35',NULL,NULL,NULL),
(9344,2,369,NULL,'1401','2023-04-01 19:14:35',NULL,NULL,NULL),
(9345,2,370,NULL,'1401','2023-04-01 19:14:35',NULL,NULL,NULL),
(9346,2,371,NULL,'1401','2023-04-01 19:14:35',NULL,NULL,NULL),
(9347,2,372,NULL,'1401','2023-04-01 19:14:35',NULL,NULL,NULL),
(9348,2,373,NULL,'1401','2023-04-01 19:14:35',NULL,NULL,NULL),
(9349,2,374,NULL,'1401','2023-04-01 19:14:35',NULL,NULL,NULL),
(9350,2,375,NULL,'1401','2023-04-01 19:14:35',NULL,NULL,NULL),
(9351,2,376,NULL,'1401','2023-04-01 19:14:35',NULL,NULL,NULL),
(9352,2,377,NULL,'1401','2023-04-01 19:14:35',NULL,NULL,NULL),
(9353,2,378,NULL,'1401','2023-04-01 19:14:35',NULL,NULL,NULL),
(9354,2,379,NULL,'1401','2023-04-01 19:14:35',NULL,NULL,NULL),
(9355,2,380,NULL,'1401','2023-04-01 19:14:35',NULL,NULL,NULL),
(9356,2,381,NULL,'1401','2023-04-01 19:14:35',NULL,NULL,NULL),
(9357,2,382,NULL,'1401','2023-04-01 19:14:35',NULL,NULL,NULL),
(9358,2,383,NULL,'1401','2023-04-01 19:14:35',NULL,NULL,NULL),
(9359,2,384,NULL,'1401','2023-04-01 19:14:35',NULL,NULL,NULL),
(9360,2,385,NULL,'1401','2023-04-01 19:14:35',NULL,NULL,NULL),
(9361,2,386,NULL,'1401','2023-04-01 19:14:35',NULL,NULL,NULL),
(9362,2,387,NULL,'1401','2023-04-01 19:14:35',NULL,NULL,NULL),
(9363,2,388,NULL,'1401','2023-04-01 19:14:35',NULL,NULL,NULL),
(9364,2,389,NULL,'1401','2023-04-01 19:14:35',NULL,NULL,NULL),
(9365,2,390,NULL,'1401','2023-04-01 19:14:35',NULL,NULL,NULL),
(9366,2,391,NULL,'1401','2023-04-01 19:14:35',NULL,NULL,NULL),
(9367,2,392,NULL,'1401','2023-04-01 19:14:35',NULL,NULL,NULL),
(9368,2,393,NULL,'1401','2023-04-01 19:14:35',NULL,NULL,NULL),
(9369,2,394,NULL,'1401','2023-04-01 19:14:35',NULL,NULL,NULL),
(9370,2,395,NULL,'1401','2023-04-01 19:14:35',NULL,NULL,NULL),
(9371,2,396,NULL,'1401','2023-04-01 19:14:35',NULL,NULL,NULL),
(9372,2,397,NULL,'1401','2023-04-01 19:14:35',NULL,NULL,NULL),
(9373,2,398,NULL,'1401','2023-04-01 19:14:35',NULL,NULL,NULL),
(9374,2,399,NULL,'1401','2023-04-01 19:14:35',NULL,NULL,NULL),
(9375,2,400,NULL,'1401','2023-04-01 19:14:35',NULL,NULL,NULL),
(9376,2,401,NULL,'1401','2023-04-01 19:14:35',NULL,NULL,NULL),
(9377,2,402,NULL,'1401','2023-04-01 19:14:35',NULL,NULL,NULL),
(9378,2,403,NULL,'1401','2023-04-01 19:14:35',NULL,NULL,NULL),
(9379,2,404,NULL,'1401','2023-04-01 19:14:35',NULL,NULL,NULL),
(9380,2,405,NULL,'1401','2023-04-01 19:14:35',NULL,NULL,NULL),
(9381,2,406,NULL,'1401','2023-04-01 19:14:35',NULL,NULL,NULL),
(9382,2,407,NULL,'1401','2023-04-01 19:14:35',NULL,NULL,NULL),
(9383,2,408,NULL,'1401','2023-04-01 19:14:35',NULL,NULL,NULL),
(9384,2,409,NULL,'1401','2023-04-01 19:14:35',NULL,NULL,NULL),
(9385,2,410,NULL,'1401','2023-04-01 19:14:35',NULL,NULL,NULL),
(9386,2,411,NULL,'1401','2023-04-01 19:14:35',NULL,NULL,NULL),
(9387,2,412,NULL,'1401','2023-04-01 19:14:35',NULL,NULL,NULL),
(9388,2,413,NULL,'1401','2023-04-01 19:14:35',NULL,NULL,NULL),
(9389,2,414,NULL,'1401','2023-04-01 19:14:35',NULL,NULL,NULL),
(9390,2,415,NULL,'1401','2023-04-01 19:14:35',NULL,NULL,NULL),
(9391,2,416,NULL,'1401','2023-04-01 19:14:35',NULL,NULL,NULL),
(9392,2,417,NULL,'1401','2023-04-01 19:14:35',NULL,NULL,NULL),
(9393,2,418,NULL,'1401','2023-04-01 19:14:35',NULL,NULL,NULL),
(9394,2,419,NULL,'1401','2023-04-01 19:14:35',NULL,NULL,NULL),
(9395,2,420,NULL,'1401','2023-04-01 19:14:35',NULL,NULL,NULL),
(9396,2,421,NULL,'1401','2023-04-01 19:14:35',NULL,NULL,NULL),
(9397,2,422,NULL,'1401','2023-04-01 19:14:35',NULL,NULL,NULL),
(9398,2,423,NULL,'1401','2023-04-01 19:14:35',NULL,NULL,NULL),
(9399,2,424,NULL,'1401','2023-04-01 19:14:35',NULL,NULL,NULL),
(9400,2,425,NULL,'1401','2023-04-01 19:14:35',NULL,NULL,NULL),
(9401,2,426,NULL,'1401','2023-04-01 19:14:35',NULL,NULL,NULL),
(9402,2,427,NULL,'1401','2023-04-01 19:14:35',NULL,NULL,NULL),
(9403,2,428,NULL,'1401','2023-04-01 19:14:35',NULL,NULL,NULL),
(9404,2,429,NULL,'1401','2023-04-01 19:14:35',NULL,NULL,NULL),
(9405,2,430,NULL,'1401','2023-04-01 19:14:35',NULL,NULL,NULL),
(9406,2,431,NULL,'1401','2023-04-01 19:14:35',NULL,NULL,NULL),
(9407,2,432,NULL,'1401','2023-04-01 19:14:35',NULL,NULL,NULL),
(9408,2,433,NULL,'1401','2023-04-01 19:14:35',NULL,NULL,NULL),
(9409,2,434,NULL,'1401','2023-04-01 19:14:35',NULL,NULL,NULL),
(9410,2,435,NULL,'1401','2023-04-01 19:14:35',NULL,NULL,NULL),
(9411,2,436,NULL,'1401','2023-04-01 19:14:35',NULL,NULL,NULL),
(9412,2,437,NULL,'1401','2023-04-01 19:14:35',NULL,NULL,NULL),
(9413,2,438,NULL,'1401','2023-04-01 19:14:35',NULL,NULL,NULL),
(9414,2,439,NULL,'1401','2023-04-01 19:14:35',NULL,NULL,NULL),
(9415,2,440,NULL,'1401','2023-04-01 19:14:35',NULL,NULL,NULL),
(9416,2,441,NULL,'1401','2023-04-01 19:14:35',NULL,NULL,NULL),
(9417,2,442,NULL,'1401','2023-04-01 19:14:35',NULL,NULL,NULL),
(9418,2,443,NULL,'1401','2023-04-01 19:14:35',NULL,NULL,NULL),
(9419,2,444,NULL,'1401','2023-04-01 19:14:35',NULL,NULL,NULL),
(9420,2,445,NULL,'1401','2023-04-01 19:14:35',NULL,NULL,NULL),
(9421,2,446,NULL,'1401','2023-04-01 19:14:35',NULL,NULL,NULL),
(9422,2,447,NULL,'1401','2023-04-01 19:14:35',NULL,NULL,NULL),
(9423,2,448,NULL,'1401','2023-04-01 19:14:35',NULL,NULL,NULL),
(9424,2,449,NULL,'1401','2023-04-01 19:14:35',NULL,NULL,NULL),
(9425,2,450,NULL,'1401','2023-04-01 19:14:35',NULL,NULL,NULL),
(9426,2,451,NULL,'1401','2023-04-01 19:14:35',NULL,NULL,NULL),
(9427,2,452,NULL,'1401','2023-04-01 19:14:35',NULL,NULL,NULL),
(9428,2,453,NULL,'1401','2023-04-01 19:14:35',NULL,NULL,NULL),
(9429,2,454,NULL,'1401','2023-04-01 19:14:35',NULL,NULL,NULL),
(9430,2,455,NULL,'1401','2023-04-01 19:14:35',NULL,NULL,NULL),
(9431,2,456,NULL,'1401','2023-04-01 19:14:35',NULL,NULL,NULL),
(9432,2,457,NULL,'1401','2023-04-01 19:14:35',NULL,NULL,NULL),
(9433,2,458,NULL,'1401','2023-04-01 19:14:35',NULL,NULL,NULL),
(9434,2,459,NULL,'1401','2023-04-01 19:14:35',NULL,NULL,NULL),
(9435,2,460,NULL,'1401','2023-04-01 19:14:35',NULL,NULL,NULL),
(9436,2,461,NULL,'1401','2023-04-01 19:14:35',NULL,NULL,NULL),
(9437,2,462,NULL,'1401','2023-04-01 19:14:35',NULL,NULL,NULL),
(9438,2,463,NULL,'1401','2023-04-01 19:14:35',NULL,NULL,NULL),
(9439,2,464,NULL,'1401','2023-04-01 19:14:35',NULL,NULL,NULL),
(9440,2,465,NULL,'1401','2023-04-01 19:14:35',NULL,NULL,NULL),
(9441,2,466,NULL,'1401','2023-04-01 19:14:35',NULL,NULL,NULL),
(9442,2,467,NULL,'1401','2023-04-01 19:14:35',NULL,NULL,NULL),
(9443,2,468,NULL,'1401','2023-04-01 19:14:35',NULL,NULL,NULL),
(9444,2,469,NULL,'1401','2023-04-01 19:14:35',NULL,NULL,NULL),
(9445,2,470,NULL,'1401','2023-04-01 19:14:35',NULL,NULL,NULL),
(9446,2,471,NULL,'1401','2023-04-01 19:14:35',NULL,NULL,NULL),
(9447,2,472,NULL,'1401','2023-04-01 19:14:35',NULL,NULL,NULL),
(9448,2,473,NULL,'1401','2023-04-01 19:14:35',NULL,NULL,NULL),
(9449,2,474,NULL,'1401','2023-04-01 19:14:35',NULL,NULL,NULL),
(9450,2,475,NULL,'1401','2023-04-01 19:14:35',NULL,NULL,NULL),
(9451,2,476,NULL,'1401','2023-04-01 19:14:35',NULL,NULL,NULL),
(9452,2,477,NULL,'1401','2023-04-01 19:14:35',NULL,NULL,NULL),
(9453,2,478,NULL,'1401','2023-04-01 19:14:35',NULL,NULL,NULL),
(9454,2,479,NULL,'1401','2023-04-01 19:14:35',NULL,NULL,NULL),
(9455,2,480,NULL,'1401','2023-04-01 19:14:35',NULL,NULL,NULL),
(9456,2,481,NULL,'1401','2023-04-01 19:14:35',NULL,NULL,NULL),
(9457,2,482,NULL,'1401','2023-04-01 19:14:35',NULL,NULL,NULL),
(9458,2,483,NULL,'1401','2023-04-01 19:14:35',NULL,NULL,NULL),
(9459,2,484,NULL,'1401','2023-04-01 19:14:35',NULL,NULL,NULL),
(9460,2,485,NULL,'1401','2023-04-01 19:14:35',NULL,NULL,NULL),
(9461,2,486,NULL,'1401','2023-04-01 19:14:35',NULL,NULL,NULL),
(9462,2,487,NULL,'1401','2023-04-01 19:14:35',NULL,NULL,NULL),
(9463,2,488,NULL,'1401','2023-04-01 19:14:35',NULL,NULL,NULL),
(9464,2,489,NULL,'1401','2023-04-01 19:14:35',NULL,NULL,NULL),
(9465,2,490,NULL,'1401','2023-04-01 19:14:35',NULL,NULL,NULL),
(9466,2,491,NULL,'1401','2023-04-01 19:14:35',NULL,NULL,NULL),
(9467,2,492,NULL,'1401','2023-04-01 19:14:35',NULL,NULL,NULL),
(9468,2,493,NULL,'1401','2023-04-01 19:14:35',NULL,NULL,NULL),
(9469,2,494,NULL,'1401','2023-04-01 19:14:35',NULL,NULL,NULL),
(9470,2,495,NULL,'1401','2023-04-01 19:14:35',NULL,NULL,NULL),
(9471,2,496,NULL,'1401','2023-04-01 19:14:35',NULL,NULL,NULL),
(9472,2,497,NULL,'1401','2023-04-01 19:14:35',NULL,NULL,NULL),
(9473,2,498,NULL,'1401','2023-04-01 19:14:35',NULL,NULL,NULL),
(9474,2,499,NULL,'1401','2023-04-01 19:14:35',NULL,NULL,NULL),
(9475,2,500,NULL,'1401','2023-04-01 19:14:35',NULL,NULL,NULL),
(9476,2,501,NULL,'1401','2023-04-01 19:14:35',NULL,NULL,NULL),
(9477,2,502,NULL,'1401','2023-04-01 19:14:35',NULL,NULL,NULL),
(9478,2,503,NULL,'1401','2023-04-01 19:14:35',NULL,NULL,NULL),
(9479,2,504,NULL,'1401','2023-04-01 19:14:35',NULL,NULL,NULL),
(9480,2,505,NULL,'1401','2023-04-01 19:14:35',NULL,NULL,NULL),
(9481,2,506,NULL,'1401','2023-04-01 19:14:35',NULL,NULL,NULL),
(9482,2,507,NULL,'1401','2023-04-01 19:14:35',NULL,NULL,NULL),
(9483,2,508,NULL,'1401','2023-04-01 19:14:35',NULL,NULL,NULL),
(9484,2,509,NULL,'1401','2023-04-01 19:14:35',NULL,NULL,NULL),
(9485,2,510,NULL,'1401','2023-04-01 19:14:35',NULL,NULL,NULL),
(9486,2,511,NULL,'1401','2023-04-01 19:14:35',NULL,NULL,NULL),
(9487,2,512,NULL,'1401','2023-04-01 19:14:35',NULL,NULL,NULL),
(9488,2,513,NULL,'1401','2023-04-01 19:14:35',NULL,NULL,NULL),
(9489,2,514,NULL,'1401','2023-04-01 19:14:35',NULL,NULL,NULL),
(9490,2,515,NULL,'1401','2023-04-01 19:14:35',NULL,NULL,NULL),
(9491,2,516,NULL,'1401','2023-04-01 19:14:35',NULL,NULL,NULL),
(9492,2,517,NULL,'1401','2023-04-01 19:14:35',NULL,NULL,NULL),
(9493,2,518,NULL,'1401','2023-04-01 19:14:35',NULL,NULL,NULL),
(9494,2,519,NULL,'1401','2023-04-01 19:14:35',NULL,NULL,NULL),
(9495,2,520,NULL,'1401','2023-04-01 19:14:35',NULL,NULL,NULL),
(9496,2,521,NULL,'1401','2023-04-01 19:14:35',NULL,NULL,NULL),
(9497,2,522,NULL,'1401','2023-04-01 19:14:35',NULL,NULL,NULL),
(9498,2,523,NULL,'1401','2023-04-01 19:14:35',NULL,NULL,NULL),
(9499,2,524,NULL,'1401','2023-04-01 19:14:35',NULL,NULL,NULL),
(9500,2,525,NULL,'1401','2023-04-01 19:14:35',NULL,NULL,NULL),
(9501,2,526,NULL,'1401','2023-04-01 19:14:35',NULL,NULL,NULL),
(9502,2,527,NULL,'1401','2023-04-01 19:14:35',NULL,NULL,NULL),
(9503,2,528,NULL,'1401','2023-04-01 19:14:35',NULL,NULL,NULL),
(9504,2,529,NULL,'1401','2023-04-01 19:14:35',NULL,NULL,NULL),
(9505,2,530,NULL,'1401','2023-04-01 19:14:35',NULL,NULL,NULL),
(9506,2,531,NULL,'1401','2023-04-01 19:14:35',NULL,NULL,NULL),
(9507,2,532,NULL,'1401','2023-04-01 19:14:35',NULL,NULL,NULL),
(9508,2,533,NULL,'1401','2023-04-01 19:14:35',NULL,NULL,NULL),
(9509,2,534,NULL,'1401','2023-04-01 19:14:35',NULL,NULL,NULL),
(9510,2,535,NULL,'1401','2023-04-01 19:14:35',NULL,NULL,NULL),
(9511,2,536,NULL,'1401','2023-04-01 19:14:35',NULL,NULL,NULL),
(9512,2,537,NULL,'1401','2023-04-01 19:14:35',NULL,NULL,NULL),
(9513,2,538,NULL,'1401','2023-04-01 19:14:35',NULL,NULL,NULL),
(9514,2,539,NULL,'1401','2023-04-01 19:14:35',NULL,NULL,NULL),
(9515,2,540,NULL,'1401','2023-04-01 19:14:35',NULL,NULL,NULL),
(9516,2,541,NULL,'1401','2023-04-01 19:14:35',NULL,NULL,NULL),
(9517,2,542,NULL,'1401','2023-04-01 19:14:35',NULL,NULL,NULL),
(9518,2,543,NULL,'1401','2023-04-01 19:14:35',NULL,NULL,NULL),
(9519,2,544,NULL,'1401','2023-04-01 19:14:35',NULL,NULL,NULL),
(9520,2,545,NULL,'1401','2023-04-01 19:14:35',NULL,NULL,NULL),
(9521,2,546,NULL,'1401','2023-04-01 19:14:35',NULL,NULL,NULL),
(9522,2,547,NULL,'1401','2023-04-01 19:14:35',NULL,NULL,NULL),
(9523,2,548,NULL,'1401','2023-04-01 19:14:35',NULL,NULL,NULL),
(9524,2,549,NULL,'1401','2023-04-01 19:14:35',NULL,NULL,NULL),
(9525,2,550,NULL,'1401','2023-04-01 19:14:35',NULL,NULL,NULL),
(9526,2,551,NULL,'1401','2023-04-01 19:14:35',NULL,NULL,NULL),
(9527,2,552,NULL,'1401','2023-04-01 19:14:35',NULL,NULL,NULL),
(9528,2,553,NULL,'1401','2023-04-01 19:14:35',NULL,NULL,NULL),
(9529,2,554,NULL,'1401','2023-04-01 19:14:35',NULL,NULL,NULL),
(9530,2,555,NULL,'1401','2023-04-01 19:14:35',NULL,NULL,NULL),
(9531,2,556,NULL,'1401','2023-04-01 19:14:35',NULL,NULL,NULL),
(9532,2,557,NULL,'1401','2023-04-01 19:14:35',NULL,NULL,NULL),
(9533,2,558,NULL,'1401','2023-04-01 19:14:35',NULL,NULL,NULL),
(9534,2,559,NULL,'1401','2023-04-01 19:14:35',NULL,NULL,NULL),
(9535,2,560,NULL,'1401','2023-04-01 19:14:35',NULL,NULL,NULL),
(9536,2,561,NULL,'1401','2023-04-01 19:14:35',NULL,NULL,NULL),
(9537,2,562,NULL,'1401','2023-04-01 19:14:35',NULL,NULL,NULL),
(9538,2,563,NULL,'1401','2023-04-01 19:14:35',NULL,NULL,NULL),
(9539,2,564,NULL,'1401','2023-04-01 19:14:35',NULL,NULL,NULL),
(9540,2,565,NULL,'1401','2023-04-01 19:14:35',NULL,NULL,NULL),
(9541,2,566,NULL,'1401','2023-04-01 19:14:35',NULL,NULL,NULL),
(9542,2,567,NULL,'1401','2023-04-01 19:14:35',NULL,NULL,NULL),
(9543,2,568,NULL,'1401','2023-04-01 19:14:35',NULL,NULL,NULL),
(9544,2,569,NULL,'1401','2023-04-01 19:14:35',NULL,NULL,NULL),
(9545,2,570,NULL,'1401','2023-04-01 19:14:35',NULL,NULL,NULL),
(9546,2,571,NULL,'1401','2023-04-01 19:14:35',NULL,NULL,NULL),
(9547,2,572,NULL,'1401','2023-04-01 19:14:35',NULL,NULL,NULL),
(9548,2,573,NULL,'1401','2023-04-01 19:14:35',NULL,NULL,NULL),
(9549,2,574,NULL,'1401','2023-04-01 19:14:35',NULL,NULL,NULL),
(9550,2,575,NULL,'1401','2023-04-01 19:14:35',NULL,NULL,NULL),
(9551,2,576,NULL,'1401','2023-04-01 19:14:35',NULL,NULL,NULL),
(9552,2,577,NULL,'1401','2023-04-01 19:14:35',NULL,NULL,NULL),
(9553,2,578,NULL,'1401','2023-04-01 19:14:35',NULL,NULL,NULL),
(9554,2,579,NULL,'1401','2023-04-01 19:14:35',NULL,NULL,NULL),
(9555,2,580,NULL,'1401','2023-04-01 19:14:35',NULL,NULL,NULL),
(9556,2,581,NULL,'1401','2023-04-01 19:14:35',NULL,NULL,NULL),
(9557,2,582,NULL,'1401','2023-04-01 19:14:35',NULL,NULL,NULL),
(9558,2,583,NULL,'1401','2023-04-01 19:14:35',NULL,NULL,NULL),
(9559,2,584,NULL,'1401','2023-04-01 19:14:35',NULL,NULL,NULL),
(9560,2,585,NULL,'1401','2023-04-01 19:14:35',NULL,NULL,NULL),
(9561,2,586,NULL,'1401','2023-04-01 19:14:35',NULL,NULL,NULL),
(9562,2,587,NULL,'1401','2023-04-01 19:14:35',NULL,NULL,NULL),
(9563,2,588,NULL,'1401','2023-04-01 19:14:35',NULL,NULL,NULL),
(9564,2,589,NULL,'1401','2023-04-01 19:14:35',NULL,NULL,NULL),
(9565,2,590,NULL,'1401','2023-04-01 19:14:35',NULL,NULL,NULL),
(9566,2,591,NULL,'1401','2023-04-01 19:14:35',NULL,NULL,NULL),
(9567,2,592,NULL,'1401','2023-04-01 19:14:35',NULL,NULL,NULL),
(9568,2,593,NULL,'1401','2023-04-01 19:14:35',NULL,NULL,NULL),
(9569,2,594,NULL,'1401','2023-04-01 19:14:35',NULL,NULL,NULL),
(9570,2,595,NULL,'1401','2023-04-01 19:14:35',NULL,NULL,NULL),
(9571,2,596,NULL,'1401','2023-04-01 19:14:35',NULL,NULL,NULL),
(9572,2,597,NULL,'1401','2023-04-01 19:14:35',NULL,NULL,NULL),
(9573,2,598,NULL,'1401','2023-04-01 19:14:35',NULL,NULL,NULL),
(9574,2,599,NULL,'1401','2023-04-01 19:14:35',NULL,NULL,NULL),
(9575,2,600,NULL,'1401','2023-04-01 19:14:35',NULL,NULL,NULL),
(9576,2,601,NULL,'1401','2023-04-01 19:14:35',NULL,NULL,NULL),
(9577,2,602,NULL,'1401','2023-04-01 19:14:35',NULL,NULL,NULL),
(9578,2,603,NULL,'1401','2023-04-01 19:14:35',NULL,NULL,NULL),
(9579,2,604,NULL,'1401','2023-04-01 19:14:35',NULL,NULL,NULL),
(9580,2,605,NULL,'1401','2023-04-01 19:14:35',NULL,NULL,NULL),
(9581,2,606,NULL,'1401','2023-04-01 19:14:35',NULL,NULL,NULL),
(9582,2,607,NULL,'1401','2023-04-01 19:14:35',NULL,NULL,NULL),
(9583,2,608,NULL,'1401','2023-04-01 19:14:35',NULL,NULL,NULL),
(9584,2,609,NULL,'1401','2023-04-01 19:14:35',NULL,NULL,NULL),
(9585,2,610,NULL,'1401','2023-04-01 19:14:35',NULL,NULL,NULL),
(9586,2,611,NULL,'1401','2023-04-01 19:14:35',NULL,NULL,NULL),
(9587,2,612,NULL,'1401','2023-04-01 19:14:35',NULL,NULL,NULL),
(9588,2,613,NULL,'1401','2023-04-01 19:14:35',NULL,NULL,NULL),
(9589,2,614,NULL,'1401','2023-04-01 19:14:35',NULL,NULL,NULL),
(9590,2,615,NULL,'1401','2023-04-01 19:14:35',NULL,NULL,NULL),
(9591,2,616,NULL,'1401','2023-04-01 19:14:35',NULL,NULL,NULL),
(9592,2,617,NULL,'1401','2023-04-01 19:14:35',NULL,NULL,NULL),
(9593,2,618,NULL,'1401','2023-04-01 19:14:35',NULL,NULL,NULL),
(9594,2,619,NULL,'1401','2023-04-01 19:14:35',NULL,NULL,NULL),
(9595,2,620,NULL,'1401','2023-04-01 19:14:35',NULL,NULL,NULL),
(9596,2,621,NULL,'1401','2023-04-01 19:14:35',NULL,NULL,NULL),
(9597,2,622,NULL,'1401','2023-04-01 19:14:35',NULL,NULL,NULL),
(9598,2,623,NULL,'1401','2023-04-01 19:14:35',NULL,NULL,NULL),
(9599,2,624,NULL,'1401','2023-04-01 19:14:35',NULL,NULL,NULL),
(9600,2,625,NULL,'1401','2023-04-01 19:14:35',NULL,NULL,NULL),
(9601,2,626,NULL,'1401','2023-04-01 19:14:35',NULL,NULL,NULL),
(9602,2,627,NULL,'1401','2023-04-01 19:14:35',NULL,NULL,NULL),
(9603,2,628,NULL,'1401','2023-04-01 19:14:35',NULL,NULL,NULL),
(9604,2,629,NULL,'1401','2023-04-01 19:14:35',NULL,NULL,NULL),
(9605,2,630,NULL,'1401','2023-04-01 19:14:35',NULL,NULL,NULL),
(9606,2,631,NULL,'1401','2023-04-01 19:14:35',NULL,NULL,NULL),
(9607,2,632,NULL,'1401','2023-04-01 19:14:35',NULL,NULL,NULL),
(9608,2,633,NULL,'1401','2023-04-01 19:14:35',NULL,NULL,NULL),
(9609,2,634,NULL,'1401','2023-04-01 19:14:35',NULL,NULL,NULL),
(9610,2,635,NULL,'1401','2023-04-01 19:14:35',NULL,NULL,NULL),
(9611,2,636,NULL,'1401','2023-04-01 19:14:35',NULL,NULL,NULL),
(9612,2,637,NULL,'1401','2023-04-01 19:14:35',NULL,NULL,NULL),
(9613,2,638,NULL,'1401','2023-04-01 19:14:35',NULL,NULL,NULL),
(9614,2,639,NULL,'1401','2023-04-01 19:14:35',NULL,NULL,NULL),
(9615,2,640,NULL,'1401','2023-04-01 19:14:35',NULL,NULL,NULL),
(9616,2,641,NULL,'1401','2023-04-01 19:14:35',NULL,NULL,NULL),
(9617,2,642,NULL,'1401','2023-04-01 19:14:35',NULL,NULL,NULL),
(9618,2,643,NULL,'1401','2023-04-01 19:14:35',NULL,NULL,NULL),
(9619,2,644,NULL,'1401','2023-04-01 19:14:35',NULL,NULL,NULL),
(9620,2,645,NULL,'1401','2023-04-01 19:14:35',NULL,NULL,NULL),
(9621,2,646,NULL,'1401','2023-04-01 19:14:35',NULL,NULL,NULL),
(9622,2,647,NULL,'1401','2023-04-01 19:14:35',NULL,NULL,NULL),
(9623,2,648,NULL,'1401','2023-04-01 19:14:35',NULL,NULL,NULL),
(9624,2,649,NULL,'1401','2023-04-01 19:14:35',NULL,NULL,NULL),
(9625,2,650,NULL,'1401','2023-04-01 19:14:35',NULL,NULL,NULL),
(9626,2,651,NULL,'1401','2023-04-01 19:14:35',NULL,NULL,NULL),
(9627,2,652,NULL,'1401','2023-04-01 19:14:35',NULL,NULL,NULL),
(9628,2,653,NULL,'1401','2023-04-01 19:14:35',NULL,NULL,NULL),
(9629,2,654,NULL,'1401','2023-04-01 19:14:35',NULL,NULL,NULL),
(9630,2,655,NULL,'1401','2023-04-01 19:14:35',NULL,NULL,NULL),
(9631,2,656,NULL,'1401','2023-04-01 19:14:35',NULL,NULL,NULL),
(9632,2,657,NULL,'1401','2023-04-01 19:14:35',NULL,NULL,NULL),
(9633,2,658,NULL,'1401','2023-04-01 19:14:35',NULL,NULL,NULL),
(9634,2,659,NULL,'1401','2023-04-01 19:14:35',NULL,NULL,NULL),
(9635,2,660,NULL,'1401','2023-04-01 19:14:35',NULL,NULL,NULL),
(9636,2,661,NULL,'1401','2023-04-01 19:14:35',NULL,NULL,NULL),
(9637,2,662,NULL,'1401','2023-04-01 19:14:35',NULL,NULL,NULL),
(9638,2,663,NULL,'1401','2023-04-01 19:14:35',NULL,NULL,NULL),
(9639,2,664,NULL,'1401','2023-04-01 19:14:35',NULL,NULL,NULL),
(9640,2,665,NULL,'1401','2023-04-01 19:14:35',NULL,NULL,NULL),
(9641,2,666,NULL,'1401','2023-04-01 19:14:35',NULL,NULL,NULL),
(9642,2,667,NULL,'1401','2023-04-01 19:14:35',NULL,NULL,NULL),
(9643,2,668,NULL,'1401','2023-04-01 19:14:35',NULL,NULL,NULL),
(9644,2,669,NULL,'1401','2023-04-01 19:14:35',NULL,NULL,NULL),
(9645,2,670,NULL,'1401','2023-04-01 19:14:35',NULL,NULL,NULL),
(9646,2,671,NULL,'1401','2023-04-01 19:14:35',NULL,NULL,NULL),
(9647,2,672,NULL,'1401','2023-04-01 19:14:35',NULL,NULL,NULL),
(9648,2,673,NULL,'1401','2023-04-01 19:14:35',NULL,NULL,NULL),
(9649,2,674,NULL,'1401','2023-04-01 19:14:35',NULL,NULL,NULL),
(9650,2,675,NULL,'1401','2023-04-01 19:14:35',NULL,NULL,NULL),
(9651,2,676,NULL,'1401','2023-04-01 19:14:35',NULL,NULL,NULL),
(9652,2,677,NULL,'1401','2023-04-01 19:14:35',NULL,NULL,NULL),
(9653,2,678,NULL,'1401','2023-04-01 19:14:35',NULL,NULL,NULL),
(9654,2,679,NULL,'1401','2023-04-01 19:14:35',NULL,NULL,NULL),
(9655,2,680,NULL,'1401','2023-04-01 19:14:35',NULL,NULL,NULL),
(9656,2,681,NULL,'1401','2023-04-01 19:14:35',NULL,NULL,NULL),
(9657,2,682,NULL,'1401','2023-04-01 19:14:35',NULL,NULL,NULL),
(9658,2,683,NULL,'1401','2023-04-01 19:14:35',NULL,NULL,NULL),
(9659,2,684,NULL,'1401','2023-04-01 19:14:35',NULL,NULL,NULL),
(9660,2,685,NULL,'1401','2023-04-01 19:14:35',NULL,NULL,NULL),
(9661,2,686,NULL,'1401','2023-04-01 19:14:35',NULL,NULL,NULL),
(9662,2,687,NULL,'1401','2023-04-01 19:14:35',NULL,NULL,NULL),
(9663,2,688,NULL,'1401','2023-04-01 19:14:35',NULL,NULL,NULL),
(9664,2,689,NULL,'1401','2023-04-01 19:14:35',NULL,NULL,NULL),
(9665,2,690,NULL,'1401','2023-04-01 19:14:35',NULL,NULL,NULL),
(9666,2,691,NULL,'1401','2023-04-01 19:14:35',NULL,NULL,NULL),
(9667,2,692,NULL,'1401','2023-04-01 19:14:35',NULL,NULL,NULL),
(9668,2,693,NULL,'1401','2023-04-01 19:14:35',NULL,NULL,NULL),
(9669,2,694,NULL,'1401','2023-04-01 19:14:35',NULL,NULL,NULL),
(9670,2,695,NULL,'1401','2023-04-01 19:14:35',NULL,NULL,NULL),
(9671,2,696,NULL,'1401','2023-04-01 19:14:35',NULL,NULL,NULL),
(9672,2,697,NULL,'1401','2023-04-01 19:14:35',NULL,NULL,NULL),
(9673,2,698,NULL,'1401','2023-04-01 19:14:35',NULL,NULL,NULL),
(9674,2,699,NULL,'1401','2023-04-01 19:14:35',NULL,NULL,NULL),
(9675,2,700,NULL,'1401','2023-04-01 19:14:35',NULL,NULL,NULL),
(9676,2,701,NULL,'1401','2023-04-01 19:14:35',NULL,NULL,NULL),
(9677,2,702,NULL,'1401','2023-04-01 19:14:35',NULL,NULL,NULL),
(9678,2,703,NULL,'1401','2023-04-01 19:14:35',NULL,NULL,NULL),
(9679,2,704,NULL,'1401','2023-04-01 19:14:35',NULL,NULL,NULL),
(9680,2,705,NULL,'1401','2023-04-01 19:14:35',NULL,NULL,NULL),
(9681,2,706,NULL,'1401','2023-04-01 19:14:35',NULL,NULL,NULL),
(9682,2,707,NULL,'1401','2023-04-01 19:14:35',NULL,NULL,NULL),
(9683,2,708,NULL,'1401','2023-04-01 19:14:35',NULL,NULL,NULL),
(9684,2,709,NULL,'1401','2023-04-01 19:14:35',NULL,NULL,NULL),
(9685,2,710,NULL,'1401','2023-04-01 19:14:35',NULL,NULL,NULL),
(9686,2,711,NULL,'1401','2023-04-01 19:14:35',NULL,NULL,NULL),
(9687,2,712,NULL,'1401','2023-04-01 19:14:35',NULL,NULL,NULL),
(9688,2,713,NULL,'1401','2023-04-01 19:14:35',NULL,NULL,NULL),
(9689,2,714,NULL,'1401','2023-04-01 19:14:35',NULL,NULL,NULL),
(9690,2,715,NULL,'1401','2023-04-01 19:14:35',NULL,NULL,NULL),
(9691,2,716,NULL,'1401','2023-04-01 19:14:35',NULL,NULL,NULL),
(9692,2,717,NULL,'1401','2023-04-01 19:14:35',NULL,NULL,NULL),
(9693,2,718,NULL,'1401','2023-04-01 19:14:35',NULL,NULL,NULL),
(9694,2,719,NULL,'1401','2023-04-01 19:14:35',NULL,NULL,NULL),
(9695,2,720,NULL,'1401','2023-04-01 19:14:35',NULL,NULL,NULL),
(9696,2,721,NULL,'1401','2023-04-01 19:14:35',NULL,NULL,NULL),
(9697,2,722,NULL,'1401','2023-04-01 19:14:35',NULL,NULL,NULL),
(9698,2,723,NULL,'1401','2023-04-01 19:14:35',NULL,NULL,NULL),
(9699,2,724,NULL,'1401','2023-04-01 19:14:35',NULL,NULL,NULL),
(9700,2,725,NULL,'1401','2023-04-01 19:14:35',NULL,NULL,NULL),
(9701,2,726,NULL,'1401','2023-04-01 19:14:35',NULL,NULL,NULL),
(9702,2,727,NULL,'1401','2023-04-01 19:14:35',NULL,NULL,NULL),
(9703,2,728,NULL,'1401','2023-04-01 19:14:35',NULL,NULL,NULL),
(9704,2,729,NULL,'1401','2023-04-01 19:14:35',NULL,NULL,NULL),
(9705,2,730,NULL,'1401','2023-04-01 19:14:35',NULL,NULL,NULL),
(9706,2,731,NULL,'1401','2023-04-01 19:14:35',NULL,NULL,NULL),
(9707,2,732,NULL,'1401','2023-04-01 19:14:35',NULL,NULL,NULL),
(9708,2,733,NULL,'1401','2023-04-01 19:14:35',NULL,NULL,NULL),
(9709,2,734,NULL,'1401','2023-04-01 19:14:35',NULL,NULL,NULL),
(9710,2,735,NULL,'1401','2023-04-01 19:14:35',NULL,NULL,NULL),
(9711,2,736,NULL,'1401','2023-04-01 19:14:35',NULL,NULL,NULL),
(9712,2,737,NULL,'1401','2023-04-01 19:14:35',NULL,NULL,NULL),
(9713,2,738,NULL,'1401','2023-04-01 19:14:35',NULL,NULL,NULL),
(9714,2,739,NULL,'1401','2023-04-01 19:14:35',NULL,NULL,NULL),
(9715,2,740,NULL,'1401','2023-04-01 19:14:35',NULL,NULL,NULL),
(9716,2,741,NULL,'1401','2023-04-01 19:14:35',NULL,NULL,NULL),
(9717,2,742,NULL,'1401','2023-04-01 19:14:35',NULL,NULL,NULL),
(9718,2,743,NULL,'1401','2023-04-01 19:14:35',NULL,NULL,NULL),
(9719,2,744,NULL,'1401','2023-04-01 19:14:35',NULL,NULL,NULL),
(9720,2,745,NULL,'1401','2023-04-01 19:14:35',NULL,NULL,NULL),
(9721,2,746,NULL,'1401','2023-04-01 19:14:35',NULL,NULL,NULL),
(9722,2,747,NULL,'1401','2023-04-01 19:14:35',NULL,NULL,NULL),
(9723,2,748,NULL,'1401','2023-04-01 19:14:35',NULL,NULL,NULL),
(9724,2,749,NULL,'1401','2023-04-01 19:14:35',NULL,NULL,NULL),
(9725,2,750,NULL,'1401','2023-04-01 19:14:35',NULL,NULL,NULL),
(9726,2,751,NULL,'1401','2023-04-01 19:14:35',NULL,NULL,NULL),
(9727,2,752,NULL,'1401','2023-04-01 19:14:35',NULL,NULL,NULL),
(9728,2,753,NULL,'1401','2023-04-01 19:14:35',NULL,NULL,NULL),
(9729,2,754,NULL,'1401','2023-04-01 19:14:35',NULL,NULL,NULL),
(9730,2,755,NULL,'1401','2023-04-01 19:14:35',NULL,NULL,NULL),
(9731,2,756,NULL,'1401','2023-04-01 19:14:35',NULL,NULL,NULL),
(9732,2,757,NULL,'1401','2023-04-01 19:14:35',NULL,NULL,NULL),
(9733,2,758,NULL,'1401','2023-04-01 19:14:35',NULL,NULL,NULL),
(9734,2,759,NULL,'1401','2023-04-01 19:14:35',NULL,NULL,NULL),
(9735,2,760,NULL,'1401','2023-04-01 19:14:35',NULL,NULL,NULL),
(9736,2,761,NULL,'1401','2023-04-01 19:14:35',NULL,NULL,NULL),
(9737,2,762,NULL,'1401','2023-04-01 19:14:35',NULL,NULL,NULL),
(9738,2,763,NULL,'1401','2023-04-01 19:14:35',NULL,NULL,NULL),
(9739,2,764,NULL,'1401','2023-04-01 19:14:35',NULL,NULL,NULL),
(9740,2,765,NULL,'1401','2023-04-01 19:14:35',NULL,NULL,NULL),
(9741,2,766,NULL,'1401','2023-04-01 19:14:35',NULL,NULL,NULL),
(9742,2,767,NULL,'1401','2023-04-01 19:14:35',NULL,NULL,NULL),
(9743,2,768,NULL,'1401','2023-04-01 19:14:35',NULL,NULL,NULL),
(9744,2,769,NULL,'1401','2023-04-01 19:14:35',NULL,NULL,NULL),
(9745,2,770,NULL,'1401','2023-04-01 19:14:35',NULL,NULL,NULL),
(9746,2,771,NULL,'1401','2023-04-01 19:14:35',NULL,NULL,NULL),
(9747,2,772,NULL,'1401','2023-04-01 19:14:35',NULL,NULL,NULL),
(9748,2,773,NULL,'1401','2023-04-01 19:14:35',NULL,NULL,NULL),
(9749,2,774,NULL,'1401','2023-04-01 19:14:35',NULL,NULL,NULL),
(9750,2,775,NULL,'1401','2023-04-01 19:14:35',NULL,NULL,NULL),
(9751,2,776,NULL,'1401','2023-04-01 19:14:35',NULL,NULL,NULL),
(9752,2,777,NULL,'1401','2023-04-01 19:14:35',NULL,NULL,NULL),
(9753,2,778,NULL,'1401','2023-04-01 19:14:35',NULL,NULL,NULL),
(9754,2,779,NULL,'1401','2023-04-01 19:14:35',NULL,NULL,NULL),
(9755,2,780,NULL,'1401','2023-04-01 19:14:35',NULL,NULL,NULL),
(9756,2,781,NULL,'1401','2023-04-01 19:14:35',NULL,NULL,NULL),
(9757,2,782,NULL,'1401','2023-04-01 19:14:35',NULL,NULL,NULL),
(9758,2,783,NULL,'1401','2023-04-01 19:14:35',NULL,NULL,NULL),
(9759,2,784,NULL,'1401','2023-04-01 19:14:35',NULL,NULL,NULL),
(9760,2,785,NULL,'1401','2023-04-01 19:14:35',NULL,NULL,NULL),
(9761,2,786,NULL,'1401','2023-04-01 19:14:35',NULL,NULL,NULL),
(9762,2,787,NULL,'1401','2023-04-01 19:14:35',NULL,NULL,NULL),
(9763,2,788,NULL,'1401','2023-04-01 19:14:35',NULL,NULL,NULL),
(9764,2,789,NULL,'1401','2023-04-01 19:14:35',NULL,NULL,NULL),
(9765,2,790,NULL,'1401','2023-04-01 19:14:35',NULL,NULL,NULL),
(9766,2,791,NULL,'1401','2023-04-01 19:14:35',NULL,NULL,NULL),
(9767,2,792,NULL,'1401','2023-04-01 19:14:35',NULL,NULL,NULL),
(9768,2,793,NULL,'1401','2023-04-01 19:14:35',NULL,NULL,NULL),
(9769,2,794,NULL,'1401','2023-04-01 19:14:35',NULL,NULL,NULL),
(9770,2,795,NULL,'1401','2023-04-01 19:14:35',NULL,NULL,NULL),
(9771,2,796,NULL,'1401','2023-04-01 19:14:35',NULL,NULL,NULL),
(9772,2,797,NULL,'1401','2023-04-01 19:14:35',NULL,NULL,NULL),
(9773,2,798,NULL,'1401','2023-04-01 19:14:35',NULL,NULL,NULL),
(9774,2,799,NULL,'1401','2023-04-01 19:14:35',NULL,NULL,NULL),
(9775,2,800,NULL,'1401','2023-04-01 19:14:35',NULL,NULL,NULL),
(9776,2,801,NULL,'1401','2023-04-01 19:14:35',NULL,NULL,NULL),
(9777,2,802,NULL,'1401','2023-04-01 19:14:35',NULL,NULL,NULL),
(9778,2,803,NULL,'1401','2023-04-01 19:14:35',NULL,NULL,NULL),
(9779,2,804,NULL,'1401','2023-04-01 19:14:35',NULL,NULL,NULL),
(9780,2,805,NULL,'1401','2023-04-01 19:14:35',NULL,NULL,NULL),
(9781,2,806,NULL,'1401','2023-04-01 19:14:35',NULL,NULL,NULL),
(9782,2,807,NULL,'1401','2023-04-01 19:14:35',NULL,NULL,NULL),
(9783,2,808,NULL,'1401','2023-04-01 19:14:35',NULL,NULL,NULL),
(9784,2,809,NULL,'1401','2023-04-01 19:14:35',NULL,NULL,NULL),
(9785,2,810,NULL,'1401','2023-04-01 19:14:35',NULL,NULL,NULL),
(9786,2,811,NULL,'1401','2023-04-01 19:14:35',NULL,NULL,NULL),
(9787,2,812,NULL,'1401','2023-04-01 19:14:35',NULL,NULL,NULL),
(9788,2,813,NULL,'1401','2023-04-01 19:14:35',NULL,NULL,NULL),
(9789,2,814,NULL,'1401','2023-04-01 19:14:35',NULL,NULL,NULL),
(9790,2,815,NULL,'1401','2023-04-01 19:14:35',NULL,NULL,NULL),
(9791,2,816,NULL,'1401','2023-04-01 19:14:35',NULL,NULL,NULL),
(9792,2,817,NULL,'1401','2023-04-01 19:14:35',NULL,NULL,NULL),
(9793,2,818,NULL,'1401','2023-04-01 19:14:35',NULL,NULL,NULL),
(9794,2,819,NULL,'1401','2023-04-01 19:14:35',NULL,NULL,NULL),
(9795,2,820,NULL,'1401','2023-04-01 19:14:35',NULL,NULL,NULL),
(9796,2,821,NULL,'1401','2023-04-01 19:14:35',NULL,NULL,NULL),
(9797,2,822,NULL,'1401','2023-04-01 19:14:35',NULL,NULL,NULL),
(9798,2,823,NULL,'1401','2023-04-01 19:14:35',NULL,NULL,NULL),
(9799,2,824,NULL,'1401','2023-04-01 19:14:35',NULL,NULL,NULL),
(9800,2,825,NULL,'1401','2023-04-01 19:14:35',NULL,NULL,NULL),
(9801,2,826,NULL,'1401','2023-04-01 19:14:35',NULL,NULL,NULL),
(9802,2,827,NULL,'1401','2023-04-01 19:14:35',NULL,NULL,NULL),
(9803,2,828,NULL,'1401','2023-04-01 19:14:35',NULL,NULL,NULL),
(9804,2,829,NULL,'1401','2023-04-01 19:14:35',NULL,NULL,NULL),
(9805,2,830,NULL,'1401','2023-04-01 19:14:35',NULL,NULL,NULL),
(9806,2,831,NULL,'1401','2023-04-01 19:14:35',NULL,NULL,NULL),
(9807,2,832,NULL,'1401','2023-04-01 19:14:35',NULL,NULL,NULL),
(9808,2,833,NULL,'1401','2023-04-01 19:14:35',NULL,NULL,NULL),
(9809,2,834,NULL,'1401','2023-04-01 19:14:35',NULL,NULL,NULL),
(9810,2,835,NULL,'1401','2023-04-01 19:14:35',NULL,NULL,NULL),
(9811,2,836,NULL,'1401','2023-04-01 19:14:35',NULL,NULL,NULL),
(9812,2,837,NULL,'1401','2023-04-01 19:14:35',NULL,NULL,NULL),
(9813,2,838,NULL,'1401','2023-04-01 19:14:35',NULL,NULL,NULL),
(9814,2,839,NULL,'1401','2023-04-01 19:14:35',NULL,NULL,NULL),
(9815,2,840,NULL,'1401','2023-04-01 19:14:35',NULL,NULL,NULL),
(9816,2,841,NULL,'1401','2023-04-01 19:14:35',NULL,NULL,NULL),
(9817,2,842,NULL,'1401','2023-04-01 19:14:35',NULL,NULL,NULL),
(9818,2,843,NULL,'1401','2023-04-01 19:14:35',NULL,NULL,NULL),
(9819,2,844,NULL,'1401','2023-04-01 19:14:35',NULL,NULL,NULL),
(9820,2,845,NULL,'1401','2023-04-01 19:14:35',NULL,NULL,NULL),
(9821,2,846,NULL,'1401','2023-04-01 19:14:35',NULL,NULL,NULL),
(9822,2,847,NULL,'1401','2023-04-01 19:14:35',NULL,NULL,NULL),
(9823,2,848,NULL,'1401','2023-04-01 19:14:35',NULL,NULL,NULL),
(9824,2,849,NULL,'1401','2023-04-01 19:14:35',NULL,NULL,NULL),
(9825,2,850,NULL,'1401','2023-04-01 19:14:35',NULL,NULL,NULL),
(9826,2,851,NULL,'1401','2023-04-01 19:14:35',NULL,NULL,NULL),
(9827,2,852,NULL,'1401','2023-04-01 19:14:35',NULL,NULL,NULL),
(9828,2,853,NULL,'1401','2023-04-01 19:14:35',NULL,NULL,NULL),
(9829,2,854,NULL,'1401','2023-04-01 19:14:35',NULL,NULL,NULL),
(9830,2,855,NULL,'1401','2023-04-01 19:14:35',NULL,NULL,NULL),
(9831,2,856,NULL,'1401','2023-04-01 19:14:35',NULL,NULL,NULL),
(9832,2,857,NULL,'1401','2023-04-01 19:14:35',NULL,NULL,NULL),
(9833,2,858,NULL,'1401','2023-04-01 19:14:35',NULL,NULL,NULL),
(9834,2,859,NULL,'1401','2023-04-01 19:14:35',NULL,NULL,NULL),
(9835,2,860,NULL,'1401','2023-04-01 19:14:35',NULL,NULL,NULL),
(9836,2,861,NULL,'1401','2023-04-01 19:14:35',NULL,NULL,NULL),
(9837,2,862,NULL,'1401','2023-04-01 19:14:35',NULL,NULL,NULL),
(9838,2,863,NULL,'1401','2023-04-01 19:14:35',NULL,NULL,NULL),
(9839,2,864,NULL,'1401','2023-04-01 19:14:35',NULL,NULL,NULL),
(9840,2,865,NULL,'1401','2023-04-01 19:14:35',NULL,NULL,NULL),
(9841,2,866,NULL,'1401','2023-04-01 19:14:35',NULL,NULL,NULL),
(9842,2,867,NULL,'1401','2023-04-01 19:14:35',NULL,NULL,NULL),
(9843,2,868,NULL,'1401','2023-04-01 19:14:35',NULL,NULL,NULL),
(9844,2,869,NULL,'1401','2023-04-01 19:14:35',NULL,NULL,NULL),
(9845,2,870,NULL,'1401','2023-04-01 19:14:35',NULL,NULL,NULL),
(9846,2,871,NULL,'1401','2023-04-01 19:14:35',NULL,NULL,NULL),
(9847,2,872,NULL,'1401','2023-04-01 19:14:35',NULL,NULL,NULL),
(9848,2,873,NULL,'1401','2023-04-01 19:14:35',NULL,NULL,NULL),
(9849,2,874,NULL,'1401','2023-04-01 19:14:35',NULL,NULL,NULL),
(9850,2,875,NULL,'1401','2023-04-01 19:14:35',NULL,NULL,NULL),
(9851,2,876,NULL,'1401','2023-04-01 19:14:35',NULL,NULL,NULL),
(9852,2,877,NULL,'1401','2023-04-01 19:14:35',NULL,NULL,NULL),
(9853,2,878,NULL,'1401','2023-04-01 19:14:35',NULL,NULL,NULL),
(9854,2,879,NULL,'1401','2023-04-01 19:14:35',NULL,NULL,NULL),
(9855,2,880,NULL,'1401','2023-04-01 19:14:35',NULL,NULL,NULL),
(9856,2,881,NULL,'1401','2023-04-01 19:14:35',NULL,NULL,NULL),
(9857,2,882,NULL,'1401','2023-04-01 19:14:35',NULL,NULL,NULL),
(9858,2,883,NULL,'1401','2023-04-01 19:14:35',NULL,NULL,NULL),
(9859,2,884,NULL,'1401','2023-04-01 19:14:35',NULL,NULL,NULL),
(9860,2,885,NULL,'1401','2023-04-01 19:14:35',NULL,NULL,NULL),
(9861,2,886,NULL,'1401','2023-04-01 19:14:35',NULL,NULL,NULL),
(9862,2,887,NULL,'1401','2023-04-01 19:14:35',NULL,NULL,NULL),
(9863,2,888,NULL,'1401','2023-04-01 19:14:35',NULL,NULL,NULL),
(9864,2,889,NULL,'1401','2023-04-01 19:14:35',NULL,NULL,NULL),
(9865,2,890,NULL,'1401','2023-04-01 19:14:35',NULL,NULL,NULL),
(9866,2,891,NULL,'1401','2023-04-01 19:14:35',NULL,NULL,NULL),
(9867,2,892,NULL,'1401','2023-04-01 19:14:35',NULL,NULL,NULL),
(9868,2,893,NULL,'1401','2023-04-01 19:14:35',NULL,NULL,NULL),
(9869,2,894,NULL,'1401','2023-04-01 19:14:35',NULL,NULL,NULL),
(9870,2,895,NULL,'1401','2023-04-01 19:14:35',NULL,NULL,NULL),
(9871,2,896,NULL,'1401','2023-04-01 19:14:35',NULL,NULL,NULL),
(9872,2,897,NULL,'1401','2023-04-01 19:14:35',NULL,NULL,NULL),
(9873,2,898,NULL,'1401','2023-04-01 19:14:35',NULL,NULL,NULL),
(9874,2,899,NULL,'1401','2023-04-01 19:14:35',NULL,NULL,NULL),
(9875,2,900,NULL,'1401','2023-04-01 19:14:35',NULL,NULL,NULL),
(9876,2,901,NULL,'1401','2023-04-01 19:14:35',NULL,NULL,NULL),
(9877,2,902,NULL,'1401','2023-04-01 19:14:35',NULL,NULL,NULL),
(9878,2,903,NULL,'1401','2023-04-01 19:14:35',NULL,NULL,NULL),
(9879,2,904,NULL,'1401','2023-04-01 19:14:35',NULL,NULL,NULL),
(9880,2,905,NULL,'1401','2023-04-01 19:14:35',NULL,NULL,NULL),
(9881,2,906,NULL,'1401','2023-04-01 19:14:35',NULL,NULL,NULL),
(9882,2,907,NULL,'1401','2023-04-01 19:14:35',NULL,NULL,NULL),
(9883,2,908,NULL,'1401','2023-04-01 19:14:35',NULL,NULL,NULL),
(9884,2,909,NULL,'1401','2023-04-01 19:14:35',NULL,NULL,NULL),
(9885,2,910,NULL,'1401','2023-04-01 19:14:35',NULL,NULL,NULL),
(9886,2,911,NULL,'1401','2023-04-01 19:14:35',NULL,NULL,NULL),
(9887,2,912,NULL,'1401','2023-04-01 19:14:35',NULL,NULL,NULL),
(9888,2,913,NULL,'1401','2023-04-01 19:14:35',NULL,NULL,NULL),
(9889,2,914,NULL,'1401','2023-04-01 19:14:35',NULL,NULL,NULL),
(9890,2,915,NULL,'1401','2023-04-01 19:14:35',NULL,NULL,NULL),
(9891,2,916,NULL,'1401','2023-04-01 19:14:35',NULL,NULL,NULL),
(9892,2,917,NULL,'1401','2023-04-01 19:14:35',NULL,NULL,NULL),
(9893,2,918,NULL,'1401','2023-04-01 19:14:35',NULL,NULL,NULL),
(9894,2,919,NULL,'1401','2023-04-01 19:14:35',NULL,NULL,NULL),
(9895,2,920,NULL,'1401','2023-04-01 19:14:35',NULL,NULL,NULL),
(9896,2,921,NULL,'1401','2023-04-01 19:14:35',NULL,NULL,NULL),
(9897,2,922,NULL,'1401','2023-04-01 19:14:35',NULL,NULL,NULL),
(9898,2,923,NULL,'1401','2023-04-01 19:14:35',NULL,NULL,NULL),
(9899,2,924,NULL,'1401','2023-04-01 19:14:35',NULL,NULL,NULL),
(9900,2,925,NULL,'1401','2023-04-01 19:14:35',NULL,NULL,NULL),
(9901,2,926,NULL,'1401','2023-04-01 19:14:35',NULL,NULL,NULL),
(9902,2,927,NULL,'1401','2023-04-01 19:14:35',NULL,NULL,NULL),
(9903,2,928,NULL,'1401','2023-04-01 19:14:35',NULL,NULL,NULL),
(9904,2,929,NULL,'1401','2023-04-01 19:14:35',NULL,NULL,NULL),
(9905,2,930,NULL,'1401','2023-04-01 19:14:35',NULL,NULL,NULL),
(9906,2,931,NULL,'1401','2023-04-01 19:14:35',NULL,NULL,NULL),
(9907,2,932,NULL,'1401','2023-04-01 19:14:35',NULL,NULL,NULL),
(9908,2,933,NULL,'1401','2023-04-01 19:14:35',NULL,NULL,NULL),
(9909,2,934,NULL,'1401','2023-04-01 19:14:35',NULL,NULL,NULL),
(9910,2,935,NULL,'1401','2023-04-01 19:14:35',NULL,NULL,NULL),
(9911,2,936,NULL,'1401','2023-04-01 19:14:35',NULL,NULL,NULL),
(9912,2,937,NULL,'1401','2023-04-01 19:14:35',NULL,NULL,NULL),
(9913,2,938,NULL,'1401','2023-04-01 19:14:35',NULL,NULL,NULL),
(9914,2,939,NULL,'1401','2023-04-01 19:14:35',NULL,NULL,NULL),
(9915,2,940,NULL,'1401','2023-04-01 19:14:35',NULL,NULL,NULL),
(9916,2,941,NULL,'1401','2023-04-01 19:14:35',NULL,NULL,NULL),
(9917,2,942,NULL,'1401','2023-04-01 19:14:35',NULL,NULL,NULL),
(9918,2,943,NULL,'1401','2023-04-01 19:14:35',NULL,NULL,NULL),
(9919,2,944,NULL,'1401','2023-04-01 19:14:35',NULL,NULL,NULL),
(9920,2,945,NULL,'1401','2023-04-01 19:14:35',NULL,NULL,NULL),
(9921,2,946,NULL,'1401','2023-04-01 19:14:35',NULL,NULL,NULL),
(9922,2,947,NULL,'1401','2023-04-01 19:14:35',NULL,NULL,NULL),
(9923,2,948,NULL,'1401','2023-04-01 19:14:35',NULL,NULL,NULL),
(9924,2,949,NULL,'1401','2023-04-01 19:14:35',NULL,NULL,NULL),
(9925,2,950,NULL,'1401','2023-04-01 19:14:35',NULL,NULL,NULL),
(9926,2,951,NULL,'1401','2023-04-01 19:14:35',NULL,NULL,NULL),
(9927,2,952,NULL,'1401','2023-04-01 19:14:35',NULL,NULL,NULL),
(9928,2,953,NULL,'1401','2023-04-01 19:14:35',NULL,NULL,NULL),
(9929,2,954,NULL,'1401','2023-04-01 19:14:35',NULL,NULL,NULL),
(9930,2,955,NULL,'1401','2023-04-01 19:14:35',NULL,NULL,NULL),
(9931,2,956,NULL,'1401','2023-04-01 19:14:35',NULL,NULL,NULL),
(9932,2,957,NULL,'1401','2023-04-01 19:14:35',NULL,NULL,NULL),
(9933,2,958,NULL,'1401','2023-04-01 19:14:35',NULL,NULL,NULL),
(9934,2,959,NULL,'1401','2023-04-01 19:14:35',NULL,NULL,NULL),
(9935,2,960,NULL,'1401','2023-04-01 19:14:35',NULL,NULL,NULL),
(9936,2,961,NULL,'1401','2023-04-01 19:14:35',NULL,NULL,NULL),
(9937,2,962,NULL,'1401','2023-04-01 19:14:35',NULL,NULL,NULL),
(9938,2,963,NULL,'1401','2023-04-01 19:14:35',NULL,NULL,NULL),
(9939,2,964,NULL,'1401','2023-04-01 19:14:35',NULL,NULL,NULL),
(9940,2,965,NULL,'1401','2023-04-01 19:14:35',NULL,NULL,NULL),
(9941,2,966,NULL,'1401','2023-04-01 19:14:35',NULL,NULL,NULL),
(9942,2,967,NULL,'1401','2023-04-01 19:14:35',NULL,NULL,NULL),
(9943,2,968,NULL,'1401','2023-04-01 19:14:35',NULL,NULL,NULL),
(9944,2,969,NULL,'1401','2023-04-01 19:14:35',NULL,NULL,NULL),
(9945,2,970,NULL,'1401','2023-04-01 19:14:35',NULL,NULL,NULL),
(9946,2,971,NULL,'1401','2023-04-01 19:14:35',NULL,NULL,NULL),
(9947,2,972,NULL,'1401','2023-04-01 19:14:35',NULL,NULL,NULL),
(9948,2,973,NULL,'1401','2023-04-01 19:14:35',NULL,NULL,NULL),
(9949,2,974,NULL,'1401','2023-04-01 19:14:35',NULL,NULL,NULL),
(9950,2,975,NULL,'1401','2023-04-01 19:14:35',NULL,NULL,NULL),
(9951,2,976,NULL,'1401','2023-04-01 19:14:35',NULL,NULL,NULL),
(9952,2,977,NULL,'1401','2023-04-01 19:14:35',NULL,NULL,NULL),
(9953,2,978,NULL,'1401','2023-04-01 19:14:35',NULL,NULL,NULL),
(9954,2,979,NULL,'1401','2023-04-01 19:14:35',NULL,NULL,NULL),
(9955,2,980,NULL,'1401','2023-04-01 19:14:35',NULL,NULL,NULL),
(9956,2,981,NULL,'1401','2023-04-01 19:14:35',NULL,NULL,NULL),
(9957,2,982,NULL,'1401','2023-04-01 19:14:35',NULL,NULL,NULL),
(9958,2,983,NULL,'1401','2023-04-01 19:14:35',NULL,NULL,NULL),
(9959,2,984,NULL,'1401','2023-04-01 19:14:35',NULL,NULL,NULL),
(9960,2,985,NULL,'1401','2023-04-01 19:14:35',NULL,NULL,NULL),
(9961,2,986,NULL,'1401','2023-04-01 19:14:35',NULL,NULL,NULL),
(9962,2,987,NULL,'1401','2023-04-01 19:14:35',NULL,NULL,NULL),
(9963,2,988,NULL,'1401','2023-04-01 19:14:35',NULL,NULL,NULL),
(9964,2,989,NULL,'1401','2023-04-01 19:14:35',NULL,NULL,NULL),
(9965,2,990,NULL,'1401','2023-04-01 19:14:35',NULL,NULL,NULL),
(9966,2,991,NULL,'1401','2023-04-01 19:14:35',NULL,NULL,NULL),
(9967,2,992,NULL,'1401','2023-04-01 19:14:35',NULL,NULL,NULL),
(9968,2,993,NULL,'1401','2023-04-01 19:14:35',NULL,NULL,NULL),
(9969,2,994,NULL,'1401','2023-04-01 19:14:35',NULL,NULL,NULL),
(9970,2,995,NULL,'1401','2023-04-01 19:14:35',NULL,NULL,NULL),
(9971,2,996,NULL,'1401','2023-04-01 19:14:35',NULL,NULL,NULL),
(9972,2,997,NULL,'1401','2023-04-01 19:14:35',NULL,NULL,NULL),
(9973,2,998,NULL,'1401','2023-04-01 19:14:35',NULL,NULL,NULL),
(9974,2,999,NULL,'1401','2023-04-01 19:14:35',NULL,NULL,NULL),
(9975,2,1000,NULL,'1401','2023-04-01 19:14:35',NULL,NULL,NULL),
(9976,1,748,3235,'1403','2023-04-01 19:14:35','2023-04-01 19:14:36','2023-04-01 19:14:36',NULL),
(9977,1,856,3241,'1403','2023-04-01 19:14:35','2023-04-01 19:14:36','2023-04-01 19:14:36',NULL);

/*Table structure for table `date_info` */

CREATE TABLE `date_info` (
  `date_id` int(11) NOT NULL,
  `week_id` int(11) DEFAULT NULL,
  `week_day` int(11) DEFAULT NULL,
  `day` int(11) DEFAULT NULL,
  `month` int(11) DEFAULT NULL,
  `quarter` int(11) DEFAULT NULL,
  `year` int(11) DEFAULT NULL,
  `is_workday` int(11) DEFAULT NULL,
  `holiday_id` int(11) DEFAULT NULL,
  PRIMARY KEY (`date_id`)
) ENGINE=InnoDB DEFAULT CHARSET=utf8;

/*Data for the table `date_info` */

insert  into `date_info`(`date_id`,`week_id`,`week_day`,`day`,`month`,`quarter`,`year`,`is_workday`,`holiday_id`) values 
(20230101,1,3,1,1,1,2023,0,1),
(20230102,1,4,2,1,1,2023,0,0),
(20230103,1,5,3,1,1,2023,0,0),
(20230104,1,6,4,1,1,2023,1,0),
(20230105,1,7,5,1,1,2023,1,0),
(20230106,1,1,6,1,1,2023,0,0),
(20230107,2,2,7,1,1,2023,0,0),
(20230108,2,3,8,1,1,2023,0,0),
(20230109,2,4,9,1,1,2023,0,0),
(20230110,2,5,10,1,1,2023,0,0),
(20230111,2,6,11,1,1,2023,1,0),
(20230112,2,7,12,1,1,2023,1,0),
(20230113,2,1,13,1,1,2023,0,0),
(20230114,3,2,14,1,1,2023,0,0),
(20230115,3,3,15,1,1,2023,0,0),
(20230116,3,4,16,1,1,2023,0,0),
(20230117,3,5,17,1,1,2023,0,0),
(20230118,3,6,18,1,1,2023,1,0),
(20230119,3,7,19,1,1,2023,1,0),
(20230120,3,1,20,1,1,2023,0,0),
(20230121,4,2,21,1,1,2023,0,0),
(20230122,4,3,22,1,1,2023,0,0),
(20230123,4,4,23,1,1,2023,0,0),
(20230124,4,5,24,1,1,2023,0,0),
(20230125,4,6,25,1,1,2023,1,0),
(20230126,4,7,26,1,1,2023,1,0),
(20230127,4,1,27,1,1,2023,0,0),
(20230128,5,2,28,1,1,2023,0,0),
(20230129,5,3,29,1,1,2023,0,0),
(20230130,5,4,30,1,1,2023,0,0),
(20230131,5,5,31,1,1,2023,0,0),
(20230201,5,6,1,2,1,2023,1,0),
(20230202,5,7,2,2,1,2023,1,0),
(20230203,5,1,3,2,1,2023,0,0),
(20230204,6,2,4,2,1,2023,0,2),
(20230205,6,3,5,2,1,2023,0,2),
(20230206,6,4,6,2,1,2023,0,2),
(20230207,6,5,7,2,1,2023,0,2),
(20230208,6,6,8,2,1,2023,1,2),
(20230209,6,7,9,2,1,2023,1,2),
(20230210,6,1,10,2,1,2023,0,2),
(20230211,7,2,11,2,1,2023,0,0),
(20230212,7,3,12,2,1,2023,0,0),
(20230213,7,4,13,2,1,2023,0,0),
(20230214,7,5,14,2,1,2023,0,0),
(20230215,7,6,15,2,1,2023,1,0),
(20230216,7,7,16,2,1,2023,1,0),
(20230217,7,1,17,2,1,2023,0,0),
(20230218,8,2,18,2,1,2023,0,0),
(20230219,8,3,19,2,1,2023,0,0),
(20230220,8,4,20,2,1,2023,0,0),
(20230221,8,5,21,2,1,2023,0,0),
(20230222,8,6,22,2,1,2023,1,0),
(20230223,8,7,23,2,1,2023,1,0),
(20230224,8,1,24,2,1,2023,0,0),
(20230225,9,2,25,2,1,2023,0,0),
(20230226,9,3,26,2,1,2023,0,0),
(20230227,9,4,27,2,1,2023,0,0),
(20230228,9,5,28,2,1,2023,0,0),
(20230301,9,6,1,3,1,2023,1,0),
(20230302,9,7,2,3,1,2023,1,0),
(20230303,9,1,3,3,1,2023,0,0),
(20230304,10,2,4,3,1,2023,0,0),
(20230305,10,3,5,3,1,2023,0,0),
(20230306,10,4,6,3,1,2023,0,0),
(20230307,10,5,7,3,1,2023,0,0),
(20230308,10,6,8,3,1,2023,1,0),
(20230309,10,7,9,3,1,2023,1,0),
(20230310,10,1,10,3,1,2023,0,0),
(20230311,11,2,11,3,1,2023,0,0),
(20230312,11,3,12,3,1,2023,0,0),
(20230313,11,4,13,3,1,2023,0,0),
(20230314,11,5,14,3,1,2023,0,0),
(20230315,11,6,15,3,1,2023,1,0),
(20230316,11,7,16,3,1,2023,1,0),
(20230317,11,1,17,3,1,2023,0,0),
(20230318,12,2,18,3,1,2023,0,0),
(20230319,12,3,19,3,1,2023,0,0),
(20230320,12,4,20,3,1,2023,0,0),
(20230321,12,5,21,3,1,2023,0,0),
(20230322,12,6,22,3,1,2023,1,0),
(20230323,12,7,23,3,1,2023,1,0),
(20230324,12,1,24,3,1,2023,0,0),
(20230325,13,2,25,3,1,2023,0,0),
(20230326,13,3,26,3,1,2023,0,0),
(20230327,13,4,27,3,1,2023,0,0),
(20230328,13,5,28,3,1,2023,0,0),
(20230329,13,6,29,3,1,2023,1,0),
(20230330,13,7,30,3,1,2023,1,0),
(20230331,13,1,31,3,1,2023,0,0),
(20230401,14,2,1,4,2,2023,0,0),
(20230402,14,3,2,4,2,2023,0,0),
(20230403,14,4,3,4,2,2023,0,0),
(20230404,14,5,4,4,2,2023,0,0),
(20230405,14,6,5,4,2,2023,1,3),
(20230406,14,7,6,4,2,2023,1,3),
(20230407,14,1,7,4,2,2023,0,3),
(20230408,15,2,8,4,2,2023,0,0),
(20230409,15,3,9,4,2,2023,0,0),
(20230410,15,4,10,4,2,2023,0,0),
(20230411,15,5,11,4,2,2023,0,0),
(20230412,15,6,12,4,2,2023,1,0),
(20230413,15,7,13,4,2,2023,1,0),
(20230414,15,1,14,4,2,2023,0,0),
(20230415,16,2,15,4,2,2023,0,0),
(20230416,16,3,16,4,2,2023,0,0),
(20230417,16,4,17,4,2,2023,0,0),
(20230418,16,5,18,4,2,2023,0,0),
(20230419,16,6,19,4,2,2023,1,0),
(20230420,16,7,20,4,2,2023,1,0),
(20230421,16,1,21,4,2,2023,0,0),
(20230422,17,2,22,4,2,2023,0,0),
(20230423,17,3,23,4,2,2023,0,0),
(20230424,17,4,24,4,2,2023,0,0),
(20230425,17,5,25,4,2,2023,0,0),
(20230426,17,6,26,4,2,2023,1,0),
(20230427,17,7,27,4,2,2023,1,0),
(20230428,17,1,28,4,2,2023,0,0),
(20230429,18,2,29,4,2,2023,0,4),
(20230430,18,3,30,4,2,2023,0,4),
(20230501,18,4,1,5,2,2023,0,4),
(20230502,18,5,2,5,2,2023,0,0),
(20230503,18,6,3,5,2,2023,1,0),
(20230504,18,7,4,5,2,2023,1,0),
(20230505,18,1,5,5,2,2023,0,0),
(20230506,19,2,6,5,2,2023,0,0),
(20230507,19,3,7,5,2,2023,0,0),
(20230508,19,4,8,5,2,2023,0,0),
(20230509,19,5,9,5,2,2023,0,0),
(20230510,19,6,10,5,2,2023,1,0),
(20230511,19,7,11,5,2,2023,1,0),
(20230512,19,1,12,5,2,2023,0,0),
(20230513,20,2,13,5,2,2023,0,0),
(20230514,20,3,14,5,2,2023,0,0),
(20230515,20,4,15,5,2,2023,0,0),
(20230516,20,5,16,5,2,2023,0,0),
(20230517,20,6,17,5,2,2023,1,0),
(20230518,20,7,18,5,2,2023,1,0),
(20230519,20,1,19,5,2,2023,0,0),
(20230520,21,2,20,5,2,2023,0,0),
(20230521,21,3,21,5,2,2023,0,0),
(20230522,21,4,22,5,2,2023,0,0),
(20230523,21,5,23,5,2,2023,0,0),
(20230524,21,6,24,5,2,2023,1,0),
(20230525,21,7,25,5,2,2023,1,0),
(20230526,21,1,26,5,2,2023,0,0),
(20230527,22,2,27,5,2,2023,0,0),
(20230528,22,3,28,5,2,2023,0,0),
(20230529,22,4,29,5,2,2023,0,0),
(20230530,22,5,30,5,2,2023,0,0),
(20230531,22,6,31,5,2,2023,1,0),
(20230601,22,7,1,6,2,2023,1,0),
(20230602,22,1,2,6,2,2023,0,0),
(20230603,23,2,3,6,2,2023,0,0),
(20230604,23,3,4,6,2,2023,0,0),
(20230605,23,4,5,6,2,2023,0,0),
(20230606,23,5,6,6,2,2023,0,0),
(20230607,23,6,7,6,2,2023,1,5),
(20230608,23,7,8,6,2,2023,1,5),
(20230609,23,1,9,6,2,2023,0,5),
(20230610,24,2,10,6,2,2023,0,0),
(20230611,24,3,11,6,2,2023,0,0),
(20230612,24,4,12,6,2,2023,0,0),
(20230613,24,5,13,6,2,2023,0,0),
(20230614,24,6,14,6,2,2023,1,0),
(20230615,24,7,15,6,2,2023,1,0),
(20230616,24,1,16,6,2,2023,0,0),
(20230617,25,2,17,6,2,2023,0,0),
(20230618,25,3,18,6,2,2023,0,0),
(20230619,25,4,19,6,2,2023,0,0),
(20230620,25,5,20,6,2,2023,0,0),
(20230621,25,6,21,6,2,2023,1,0),
(20230622,25,7,22,6,2,2023,1,0),
(20230623,25,1,23,6,2,2023,0,0),
(20230624,26,2,24,6,2,2023,0,0),
(20230625,26,3,25,6,2,2023,0,0),
(20230626,26,4,26,6,2,2023,0,0),
(20230627,26,5,27,6,2,2023,0,0),
(20230628,26,6,28,6,2,2023,1,0),
(20230629,26,7,29,6,2,2023,1,0),
(20230630,26,1,30,6,2,2023,0,0),
(20230701,27,2,1,7,3,2023,0,0),
(20230702,27,3,2,7,3,2023,0,0),
(20230703,27,4,3,7,3,2023,0,0),
(20230704,27,5,4,7,3,2023,0,0),
(20230705,27,6,5,7,3,2023,1,0),
(20230706,27,7,6,7,3,2023,1,0),
(20230707,27,1,7,7,3,2023,0,0),
(20230708,28,2,8,7,3,2023,0,0),
(20230709,28,3,9,7,3,2023,0,0),
(20230710,28,4,10,7,3,2023,0,0),
(20230711,28,5,11,7,3,2023,0,0),
(20230712,28,6,12,7,3,2023,1,0),
(20230713,28,7,13,7,3,2023,1,0),
(20230714,28,1,14,7,3,2023,0,0),
(20230715,29,2,15,7,3,2023,0,0),
(20230716,29,3,16,7,3,2023,0,0),
(20230717,29,4,17,7,3,2023,0,0),
(20230718,29,5,18,7,3,2023,0,0),
(20230719,29,6,19,7,3,2023,1,0),
(20230720,29,7,20,7,3,2023,1,0),
(20230721,29,1,21,7,3,2023,0,0),
(20230722,30,2,22,7,3,2023,0,0),
(20230723,30,3,23,7,3,2023,0,0),
(20230724,30,4,24,7,3,2023,0,0),
(20230725,30,5,25,7,3,2023,0,0),
(20230726,30,6,26,7,3,2023,1,0),
(20230727,30,7,27,7,3,2023,1,0),
(20230728,30,1,28,7,3,2023,0,0),
(20230729,31,2,29,7,3,2023,0,0),
(20230730,31,3,30,7,3,2023,0,0),
(20230731,31,4,31,7,3,2023,0,0),
(20230801,31,5,1,8,3,2023,0,0),
(20230802,31,6,2,8,3,2023,1,0),
(20230803,31,7,3,8,3,2023,1,0),
(20230804,31,1,4,8,3,2023,0,0),
(20230805,32,2,5,8,3,2023,0,0),
(20230806,32,3,6,8,3,2023,0,0),
(20230807,32,4,7,8,3,2023,0,0),
(20230808,32,5,8,8,3,2023,0,0),
(20230809,32,6,9,8,3,2023,1,0),
(20230810,32,7,10,8,3,2023,1,0),
(20230811,32,1,11,8,3,2023,0,0),
(20230812,33,2,12,8,3,2023,0,0),
(20230813,33,3,13,8,3,2023,0,0),
(20230814,33,4,14,8,3,2023,0,0),
(20230815,33,5,15,8,3,2023,0,0),
(20230816,33,6,16,8,3,2023,1,0),
(20230817,33,7,17,8,3,2023,1,0),
(20230818,33,1,18,8,3,2023,0,0),
(20230819,34,2,19,8,3,2023,0,0),
(20230820,34,3,20,8,3,2023,0,0),
(20230821,34,4,21,8,3,2023,0,0),
(20230822,34,5,22,8,3,2023,0,0),
(20230823,34,6,23,8,3,2023,1,0),
(20230824,34,7,24,8,3,2023,1,0),
(20230825,34,1,25,8,3,2023,0,0),
(20230826,35,2,26,8,3,2023,0,0),
(20230827,35,3,27,8,3,2023,0,0),
(20230828,35,4,28,8,3,2023,0,0),
(20230829,35,5,29,8,3,2023,0,0),
(20230830,35,6,30,8,3,2023,1,0),
(20230831,35,7,31,8,3,2023,1,0),
(20230901,35,1,1,9,3,2023,0,0),
(20230902,36,2,2,9,3,2023,0,0),
(20230903,36,3,3,9,3,2023,0,0),
(20230904,36,4,4,9,3,2023,0,0),
(20230905,36,5,5,9,3,2023,0,0),
(20230906,36,6,6,9,3,2023,1,0),
(20230907,36,7,7,9,3,2023,1,0),
(20230908,36,1,8,9,3,2023,0,0),
(20230909,37,2,9,9,3,2023,0,0),
(20230910,37,3,10,9,3,2023,0,0),
(20230911,37,4,11,9,3,2023,0,0),
(20230912,37,5,12,9,3,2023,0,0),
(20230913,37,6,13,9,3,2023,1,6),
(20230914,37,7,14,9,3,2023,1,6),
(20230915,37,1,15,9,3,2023,0,6),
(20230916,38,2,16,9,3,2023,0,0),
(20230917,38,3,17,9,3,2023,0,0),
(20230918,38,4,18,9,3,2023,0,0),
(20230919,38,5,19,9,3,2023,0,0),
(20230920,38,6,20,9,3,2023,1,0),
(20230921,38,7,21,9,3,2023,1,0),
(20230922,38,1,22,9,3,2023,0,0),
(20230923,39,2,23,9,3,2023,0,0),
(20230924,39,3,24,9,3,2023,0,0),
(20230925,39,4,25,9,3,2023,0,0),
(20230926,39,5,26,9,3,2023,0,0),
(20230927,39,6,27,9,3,2023,1,0),
(20230928,39,7,28,9,3,2023,1,0),
(20230929,39,1,29,9,3,2023,0,0),
(20230930,40,2,30,9,3,2023,0,0),
(20231001,40,3,1,10,4,2023,0,7),
(20231002,40,4,2,10,4,2023,0,7),
(20231003,40,5,3,10,4,2023,0,7),
(20231004,40,6,4,10,4,2023,1,7),
(20231005,40,7,5,10,4,2023,1,7),
(20231006,40,1,6,10,4,2023,0,7),
(20231007,41,2,7,10,4,2023,0,7),
(20231008,41,3,8,10,4,2023,0,0),
(20231009,41,4,9,10,4,2023,0,0),
(20231010,41,5,10,10,4,2023,0,0),
(20231011,41,6,11,10,4,2023,1,0),
(20231012,41,7,12,10,4,2023,1,0),
(20231013,41,1,13,10,4,2023,0,0),
(20231014,42,2,14,10,4,2023,0,0),
(20231015,42,3,15,10,4,2023,0,0),
(20231016,42,4,16,10,4,2023,0,0),
(20231017,42,5,17,10,4,2023,0,0),
(20231018,42,6,18,10,4,2023,1,0),
(20231019,42,7,19,10,4,2023,1,0),
(20231020,42,1,20,10,4,2023,0,0),
(20231021,43,2,21,10,4,2023,0,0),
(20231022,43,3,22,10,4,2023,0,0),
(20231023,43,4,23,10,4,2023,0,0),
(20231024,43,5,24,10,4,2023,0,0),
(20231025,43,6,25,10,4,2023,1,0),
(20231026,43,7,26,10,4,2023,1,0),
(20231027,43,1,27,10,4,2023,0,0),
(20231028,44,2,28,10,4,2023,0,0),
(20231029,44,3,29,10,4,2023,0,0),
(20231030,44,4,30,10,4,2023,0,0),
(20231031,44,5,31,10,4,2023,0,0),
(20231101,44,6,1,11,4,2023,1,0),
(20231102,44,7,2,11,4,2023,1,0),
(20231103,44,1,3,11,4,2023,0,0),
(20231104,45,2,4,11,4,2023,0,0),
(20231105,45,3,5,11,4,2023,0,0),
(20231106,45,4,6,11,4,2023,0,0),
(20231107,45,5,7,11,4,2023,0,0),
(20231108,45,6,8,11,4,2023,1,0),
(20231109,45,7,9,11,4,2023,1,0),
(20231110,45,1,10,11,4,2023,0,0),
(20231111,46,2,11,11,4,2023,0,0),
(20231112,46,3,12,11,4,2023,0,0),
(20231113,46,4,13,11,4,2023,0,0),
(20231114,46,5,14,11,4,2023,0,0),
(20231115,46,6,15,11,4,2023,1,0),
(20231116,46,7,16,11,4,2023,1,0),
(20231117,46,1,17,11,4,2023,0,0),
(20231118,47,2,18,11,4,2023,0,0),
(20231119,47,3,19,11,4,2023,0,0),
(20231120,47,4,20,11,4,2023,0,0),
(20231121,47,5,21,11,4,2023,0,0),
(20231122,47,6,22,11,4,2023,1,0),
(20231123,47,7,23,11,4,2023,1,0),
(20231124,47,1,24,11,4,2023,0,0),
(20231125,48,2,25,11,4,2023,0,0),
(20231126,48,3,26,11,4,2023,0,0),
(20231127,48,4,27,11,4,2023,0,0),
(20231128,48,5,28,11,4,2023,0,0),
(20231129,48,6,29,11,4,2023,1,0),
(20231130,48,7,30,11,4,2023,1,0),
(20231201,48,1,1,12,4,2023,0,0),
(20231202,49,2,2,12,4,2023,0,0),
(20231203,49,3,3,12,4,2023,0,0),
(20231204,49,4,4,12,4,2023,0,0),
(20231205,49,5,5,12,4,2023,0,0),
(20231206,49,6,6,12,4,2023,1,0),
(20231207,49,7,7,12,4,2023,1,0),
(20231208,49,1,8,12,4,2023,0,0),
(20231209,50,2,9,12,4,2023,0,0),
(20231210,50,3,10,12,4,2023,0,0),
(20231211,50,4,11,12,4,2023,0,0),
(20231212,50,5,12,12,4,2023,0,0),
(20231213,50,6,13,12,4,2023,1,0),
(20231214,50,7,14,12,4,2023,1,0),
(20231215,50,1,15,12,4,2023,0,0),
(20231216,51,2,16,12,4,2023,0,0),
(20231217,51,3,17,12,4,2023,0,0),
(20231218,51,4,18,12,4,2023,0,0),
(20231219,51,5,19,12,4,2023,0,0),
(20231220,51,6,20,12,4,2023,1,0),
(20231221,51,7,21,12,4,2023,1,0),
(20231222,51,1,22,12,4,2023,0,0),
(20231223,52,2,23,12,4,2023,0,0),
(20231224,52,3,24,12,4,2023,0,0),
(20231225,52,4,25,12,4,2023,0,0),
(20231226,52,5,26,12,4,2023,0,0),
(20231227,52,6,27,12,4,2023,1,0),
(20231228,52,7,28,12,4,2023,1,0),
(20231229,52,1,29,12,4,2023,0,0),
(20231230,1,2,30,12,4,2023,0,0),
(20231231,1,3,31,12,4,2023,0,0),
(20240101,1,4,1,1,1,2024,0,0),
(20240102,1,5,2,1,1,2024,0,0),
(20240103,1,6,3,1,1,2024,1,0),
(20240104,1,7,4,1,1,2024,1,0),
(20240105,1,1,5,1,1,2024,0,0),
(20240106,2,2,6,1,1,2024,0,0),
(20240107,2,3,7,1,1,2024,0,0),
(20240108,2,4,8,1,1,2024,0,0),
(20240109,2,5,9,1,1,2024,0,0),
(20240110,2,6,10,1,1,2024,1,0),
(20240111,2,7,11,1,1,2024,1,0),
(20240112,2,1,12,1,1,2024,0,0),
(20240113,3,2,13,1,1,2024,0,0),
(20240114,3,3,14,1,1,2024,0,0),
(20240115,3,4,15,1,1,2024,0,0),
(20240116,3,5,16,1,1,2024,0,0),
(20240117,3,6,17,1,1,2024,1,0),
(20240118,3,7,18,1,1,2024,1,0),
(20240119,3,1,19,1,1,2024,0,0),
(20240120,4,2,20,1,1,2024,0,0),
(20240121,4,3,21,1,1,2024,0,0),
(20240122,4,4,22,1,1,2024,0,0),
(20240123,4,5,23,1,1,2024,0,0),
(20240124,4,6,24,1,1,2024,1,0),
(20240125,4,7,25,1,1,2024,1,0),
(20240126,4,1,26,1,1,2024,0,0),
(20240127,5,2,27,1,1,2024,0,0),
(20240128,5,3,28,1,1,2024,0,0),
(20240129,5,4,29,1,1,2024,0,0),
(20240130,5,5,30,1,1,2024,0,0),
(20240131,5,6,31,1,1,2024,1,0),
(20240201,5,7,1,2,1,2024,1,0),
(20240202,5,1,2,2,1,2024,0,0),
(20240203,6,2,3,2,1,2024,0,0),
(20240204,6,3,4,2,1,2024,0,0),
(20240205,6,4,5,2,1,2024,0,0),
(20240206,6,5,6,2,1,2024,0,0),
(20240207,6,6,7,2,1,2024,1,0),
(20240208,6,7,8,2,1,2024,1,0),
(20240209,6,1,9,2,1,2024,0,0),
(20240210,7,2,10,2,1,2024,0,0),
(20240211,7,3,11,2,1,2024,0,0),
(20240212,7,4,12,2,1,2024,0,0),
(20240213,7,5,13,2,1,2024,0,0),
(20240214,7,6,14,2,1,2024,1,0),
(20240215,7,7,15,2,1,2024,1,0),
(20240216,7,1,16,2,1,2024,0,0),
(20240217,8,2,17,2,1,2024,0,0),
(20240218,8,3,18,2,1,2024,0,0),
(20240219,8,4,19,2,1,2024,0,0),
(20240220,8,5,20,2,1,2024,0,0),
(20240221,8,6,21,2,1,2024,1,0),
(20240222,8,7,22,2,1,2024,1,0),
(20240223,8,1,23,2,1,2024,0,0),
(20240224,9,2,24,2,1,2024,0,0),
(20240225,9,3,25,2,1,2024,0,0),
(20240226,9,4,26,2,1,2024,0,0),
(20240227,9,5,27,2,1,2024,0,0),
(20240228,9,6,28,2,1,2024,1,0),
(20240229,9,7,29,2,1,2024,1,0),
(20240301,9,1,1,3,1,2024,0,0),
(20240302,10,2,2,3,1,2024,0,0),
(20240303,10,3,3,3,1,2024,0,0),
(20240304,10,4,4,3,1,2024,0,0),
(20240305,10,5,5,3,1,2024,0,0),
(20240306,10,6,6,3,1,2024,1,0),
(20240307,10,7,7,3,1,2024,1,0),
(20240308,10,1,8,3,1,2024,0,0),
(20240309,11,2,9,3,1,2024,0,0),
(20240310,11,3,10,3,1,2024,0,0),
(20240311,11,4,11,3,1,2024,0,0),
(20240312,11,5,12,3,1,2024,0,0),
(20240313,11,6,13,3,1,2024,1,0),
(20240314,11,7,14,3,1,2024,1,0),
(20240315,11,1,15,3,1,2024,0,0),
(20240316,12,2,16,3,1,2024,0,0),
(20240317,12,3,17,3,1,2024,0,0),
(20240318,12,4,18,3,1,2024,0,0),
(20240319,12,5,19,3,1,2024,0,0),
(20240320,12,6,20,3,1,2024,1,0),
(20240321,12,7,21,3,1,2024,1,0),
(20240322,12,1,22,3,1,2024,0,0),
(20240323,13,2,23,3,1,2024,0,0),
(20240324,13,3,24,3,1,2024,0,0),
(20240325,13,4,25,3,1,2024,0,0),
(20240326,13,5,26,3,1,2024,0,0),
(20240327,13,6,27,3,1,2024,1,0),
(20240328,13,7,28,3,1,2024,1,0),
(20240329,13,1,29,3,1,2024,0,0),
(20240330,14,2,30,3,1,2024,0,0),
(20240331,14,3,31,3,1,2024,0,0),
(20240401,14,4,1,4,2,2024,0,0),
(20240402,14,5,2,4,2,2024,0,0),
(20240403,14,6,3,4,2,2024,1,0),
(20240404,14,7,4,4,2,2024,1,0),
(20240405,14,1,5,4,2,2024,0,0),
(20240406,15,2,6,4,2,2024,0,0),
(20240407,15,3,7,4,2,2024,0,0),
(20240408,15,4,8,4,2,2024,0,0),
(20240409,15,5,9,4,2,2024,0,0),
(20240410,15,6,10,4,2,2024,1,0),
(20240411,15,7,11,4,2,2024,1,0),
(20240412,15,1,12,4,2,2024,0,0),
(20240413,16,2,13,4,2,2024,0,0),
(20240414,16,3,14,4,2,2024,0,0),
(20240415,16,4,15,4,2,2024,0,0),
(20240416,16,5,16,4,2,2024,0,0),
(20240417,16,6,17,4,2,2024,1,0),
(20240418,16,7,18,4,2,2024,1,0),
(20240419,16,1,19,4,2,2024,0,0),
(20240420,17,2,20,4,2,2024,0,0),
(20240421,17,3,21,4,2,2024,0,0),
(20240422,17,4,22,4,2,2024,0,0),
(20240423,17,5,23,4,2,2024,0,0),
(20240424,17,6,24,4,2,2024,1,0),
(20240425,17,7,25,4,2,2024,1,0),
(20240426,17,1,26,4,2,2024,0,0),
(20240427,18,2,27,4,2,2024,0,0),
(20240428,18,3,28,4,2,2024,0,0),
(20240429,18,4,29,4,2,2024,0,0),
(20240430,18,5,30,4,2,2024,0,0),
(20240501,18,6,1,5,2,2024,1,0),
(20240502,18,7,2,5,2,2024,1,0),
(20240503,18,1,3,5,2,2024,0,0),
(20240504,19,2,4,5,2,2024,0,0),
(20240505,19,3,5,5,2,2024,0,0),
(20240506,19,4,6,5,2,2024,0,0),
(20240507,19,5,7,5,2,2024,0,0),
(20240508,19,6,8,5,2,2024,1,0),
(20240509,19,7,9,5,2,2024,1,0),
(20240510,19,1,10,5,2,2024,0,0),
(20240511,20,2,11,5,2,2024,0,0),
(20240512,20,3,12,5,2,2024,0,0),
(20240513,20,4,13,5,2,2024,0,0),
(20240514,20,5,14,5,2,2024,0,0),
(20240515,20,6,15,5,2,2024,1,0),
(20240516,20,7,16,5,2,2024,1,0),
(20240517,20,1,17,5,2,2024,0,0),
(20240518,21,2,18,5,2,2024,0,0),
(20240519,21,3,19,5,2,2024,0,0),
(20240520,21,4,20,5,2,2024,0,0),
(20240521,21,5,21,5,2,2024,0,0),
(20240522,21,6,22,5,2,2024,1,0),
(20240523,21,7,23,5,2,2024,1,0),
(20240524,21,1,24,5,2,2024,0,0),
(20240525,22,2,25,5,2,2024,0,0),
(20240526,22,3,26,5,2,2024,0,0),
(20240527,22,4,27,5,2,2024,0,0),
(20240528,22,5,28,5,2,2024,0,0),
(20240529,22,6,29,5,2,2024,1,0),
(20240530,22,7,30,5,2,2024,1,0),
(20240531,22,1,31,5,2,2024,0,0),
(20240601,23,2,1,6,2,2024,0,0),
(20240602,23,3,2,6,2,2024,0,0),
(20240603,23,4,3,6,2,2024,0,0),
(20240604,23,5,4,6,2,2024,0,0),
(20240605,23,6,5,6,2,2024,1,0),
(20240606,23,7,6,6,2,2024,1,0),
(20240607,23,1,7,6,2,2024,0,0),
(20240608,24,2,8,6,2,2024,0,0),
(20240609,24,3,9,6,2,2024,0,0),
(20240610,24,4,10,6,2,2024,0,0),
(20240611,24,5,11,6,2,2024,0,0),
(20240612,24,6,12,6,2,2024,1,0),
(20240613,24,7,13,6,2,2024,1,0),
(20240614,24,1,14,6,2,2024,0,0),
(20240615,25,2,15,6,2,2024,0,0),
(20240616,25,3,16,6,2,2024,0,0),
(20240617,25,4,17,6,2,2024,0,0),
(20240618,25,5,18,6,2,2024,0,0),
(20240619,25,6,19,6,2,2024,1,0),
(20240620,25,7,20,6,2,2024,1,0),
(20240621,25,1,21,6,2,2024,0,0),
(20240622,26,2,22,6,2,2024,0,0),
(20240623,26,3,23,6,2,2024,0,0),
(20240624,26,4,24,6,2,2024,0,0),
(20240625,26,5,25,6,2,2024,0,0),
(20240626,26,6,26,6,2,2024,1,0),
(20240627,26,7,27,6,2,2024,1,0),
(20240628,26,1,28,6,2,2024,0,0),
(20240629,27,2,29,6,2,2024,0,0),
(20240630,27,3,30,6,2,2024,0,0),
(20240701,27,4,1,7,3,2024,0,0),
(20240702,27,5,2,7,3,2024,0,0),
(20240703,27,6,3,7,3,2024,1,0),
(20240704,27,7,4,7,3,2024,1,0),
(20240705,27,1,5,7,3,2024,0,0),
(20240706,28,2,6,7,3,2024,0,0),
(20240707,28,3,7,7,3,2024,0,0),
(20240708,28,4,8,7,3,2024,0,0),
(20240709,28,5,9,7,3,2024,0,0),
(20240710,28,6,10,7,3,2024,1,0),
(20240711,28,7,11,7,3,2024,1,0),
(20240712,28,1,12,7,3,2024,0,0),
(20240713,29,2,13,7,3,2024,0,0),
(20240714,29,3,14,7,3,2024,0,0),
(20240715,29,4,15,7,3,2024,0,0),
(20240716,29,5,16,7,3,2024,0,0),
(20240717,29,6,17,7,3,2024,1,0),
(20240718,29,7,18,7,3,2024,1,0),
(20240719,29,1,19,7,3,2024,0,0),
(20240720,30,2,20,7,3,2024,0,0),
(20240721,30,3,21,7,3,2024,0,0),
(20240722,30,4,22,7,3,2024,0,0),
(20240723,30,5,23,7,3,2024,0,0),
(20240724,30,6,24,7,3,2024,1,0),
(20240725,30,7,25,7,3,2024,1,0),
(20240726,30,1,26,7,3,2024,0,0),
(20240727,31,2,27,7,3,2024,0,0),
(20240728,31,3,28,7,3,2024,0,0),
(20240729,31,4,29,7,3,2024,0,0),
(20240730,31,5,30,7,3,2024,0,0),
(20240731,31,6,31,7,3,2024,1,0),
(20240801,31,7,1,8,3,2024,1,0),
(20240802,31,1,2,8,3,2024,0,0),
(20240803,32,2,3,8,3,2024,0,0),
(20240804,32,3,4,8,3,2024,0,0),
(20240805,32,4,5,8,3,2024,0,0),
(20240806,32,5,6,8,3,2024,0,0),
(20240807,32,6,7,8,3,2024,1,0),
(20240808,32,7,8,8,3,2024,1,0),
(20240809,32,1,9,8,3,2024,0,0),
(20240810,33,2,10,8,3,2024,0,0),
(20240811,33,3,11,8,3,2024,0,0),
(20240812,33,4,12,8,3,2024,0,0),
(20240813,33,5,13,8,3,2024,0,0),
(20240814,33,6,14,8,3,2024,1,0),
(20240815,33,7,15,8,3,2024,1,0),
(20240816,33,1,16,8,3,2024,0,0),
(20240817,34,2,17,8,3,2024,0,0),
(20240818,34,3,18,8,3,2024,0,0),
(20240819,34,4,19,8,3,2024,0,0),
(20240820,34,5,20,8,3,2024,0,0),
(20240821,34,6,21,8,3,2024,1,0),
(20240822,34,7,22,8,3,2024,1,0),
(20240823,34,1,23,8,3,2024,0,0),
(20240824,35,2,24,8,3,2024,0,0),
(20240825,35,3,25,8,3,2024,0,0),
(20240826,35,4,26,8,3,2024,0,0),
(20240827,35,5,27,8,3,2024,0,0),
(20240828,35,6,28,8,3,2024,1,0),
(20240829,35,7,29,8,3,2024,1,0),
(20240830,35,1,30,8,3,2024,0,0),
(20240831,36,2,31,8,3,2024,0,0),
(20240901,36,3,1,9,3,2024,0,0),
(20240902,36,4,2,9,3,2024,0,0),
(20240903,36,5,3,9,3,2024,0,0),
(20240904,36,6,4,9,3,2024,1,0),
(20240905,36,7,5,9,3,2024,1,0),
(20240906,36,1,6,9,3,2024,0,0),
(20240907,37,2,7,9,3,2024,0,0),
(20240908,37,3,8,9,3,2024,0,0),
(20240909,37,4,9,9,3,2024,0,0),
(20240910,37,5,10,9,3,2024,0,0),
(20240911,37,6,11,9,3,2024,1,0),
(20240912,37,7,12,9,3,2024,1,0),
(20240913,37,1,13,9,3,2024,0,0),
(20240914,38,2,14,9,3,2024,0,0),
(20240915,38,3,15,9,3,2024,0,0),
(20240916,38,4,16,9,3,2024,0,0),
(20240917,38,5,17,9,3,2024,0,0),
(20240918,38,6,18,9,3,2024,1,0),
(20240919,38,7,19,9,3,2024,1,0),
(20240920,38,1,20,9,3,2024,0,0),
(20240921,39,2,21,9,3,2024,0,0),
(20240922,39,3,22,9,3,2024,0,0),
(20240923,39,4,23,9,3,2024,0,0),
(20240924,39,5,24,9,3,2024,0,0),
(20240925,39,6,25,9,3,2024,1,0),
(20240926,39,7,26,9,3,2024,1,0),
(20240927,39,1,27,9,3,2024,0,0),
(20240928,40,2,28,9,3,2024,0,0),
(20240929,40,3,29,9,3,2024,0,0),
(20240930,40,4,30,9,3,2024,0,0),
(20241001,40,5,1,10,4,2024,0,0),
(20241002,40,6,2,10,4,2024,1,0),
(20241003,40,7,3,10,4,2024,1,0),
(20241004,40,1,4,10,4,2024,0,0),
(20241005,41,2,5,10,4,2024,0,0),
(20241006,41,3,6,10,4,2024,0,0),
(20241007,41,4,7,10,4,2024,0,0),
(20241008,41,5,8,10,4,2024,0,0),
(20241009,41,6,9,10,4,2024,1,0),
(20241010,41,7,10,10,4,2024,1,0),
(20241011,41,1,11,10,4,2024,0,0),
(20241012,42,2,12,10,4,2024,0,0),
(20241013,42,3,13,10,4,2024,0,0),
(20241014,42,4,14,10,4,2024,0,0),
(20241015,42,5,15,10,4,2024,0,0),
(20241016,42,6,16,10,4,2024,1,0),
(20241017,42,7,17,10,4,2024,1,0),
(20241018,42,1,18,10,4,2024,0,0),
(20241019,43,2,19,10,4,2024,0,0),
(20241020,43,3,20,10,4,2024,0,0),
(20241021,43,4,21,10,4,2024,0,0),
(20241022,43,5,22,10,4,2024,0,0),
(20241023,43,6,23,10,4,2024,1,0),
(20241024,43,7,24,10,4,2024,1,0),
(20241025,43,1,25,10,4,2024,0,0),
(20241026,44,2,26,10,4,2024,0,0),
(20241027,44,3,27,10,4,2024,0,0),
(20241028,44,4,28,10,4,2024,0,0),
(20241029,44,5,29,10,4,2024,0,0),
(20241030,44,6,30,10,4,2024,1,0),
(20241031,44,7,31,10,4,2024,1,0),
(20241101,44,1,1,11,4,2024,0,0),
(20241102,45,2,2,11,4,2024,0,0),
(20241103,45,3,3,11,4,2024,0,0),
(20241104,45,4,4,11,4,2024,0,0),
(20241105,45,5,5,11,4,2024,0,0),
(20241106,45,6,6,11,4,2024,1,0),
(20241107,45,7,7,11,4,2024,1,0),
(20241108,45,1,8,11,4,2024,0,0),
(20241109,46,2,9,11,4,2024,0,0),
(20241110,46,3,10,11,4,2024,0,0),
(20241111,46,4,11,11,4,2024,0,0),
(20241112,46,5,12,11,4,2024,0,0),
(20241113,46,6,13,11,4,2024,1,0),
(20241114,46,7,14,11,4,2024,1,0),
(20241115,46,1,15,11,4,2024,0,0),
(20241116,47,2,16,11,4,2024,0,0),
(20241117,47,3,17,11,4,2024,0,0),
(20241118,47,4,18,11,4,2024,0,0),
(20241119,47,5,19,11,4,2024,0,0),
(20241120,47,6,20,11,4,2024,1,0),
(20241121,47,7,21,11,4,2024,1,0),
(20241122,47,1,22,11,4,2024,0,0),
(20241123,48,2,23,11,4,2024,0,0),
(20241124,48,3,24,11,4,2024,0,0),
(20241125,48,4,25,11,4,2024,0,0),
(20241126,48,5,26,11,4,2024,0,0),
(20241127,48,6,27,11,4,2024,1,0),
(20241128,48,7,28,11,4,2024,1,0),
(20241129,48,1,29,11,4,2024,0,0),
(20241130,49,2,30,11,4,2024,0,0),
(20241201,49,3,1,12,4,2024,0,0),
(20241202,49,4,2,12,4,2024,0,0),
(20241203,49,5,3,12,4,2024,0,0),
(20241204,49,6,4,12,4,2024,1,0),
(20241205,49,7,5,12,4,2024,1,0),
(20241206,49,1,6,12,4,2024,0,0),
(20241207,50,2,7,12,4,2024,0,0),
(20241208,50,3,8,12,4,2024,0,0),
(20241209,50,4,9,12,4,2024,0,0),
(20241210,50,5,10,12,4,2024,0,0),
(20241211,50,6,11,12,4,2024,1,0),
(20241212,50,7,12,12,4,2024,1,0),
(20241213,50,1,13,12,4,2024,0,0),
(20241214,51,2,14,12,4,2024,0,0),
(20241215,51,3,15,12,4,2024,0,0),
(20241216,51,4,16,12,4,2024,0,0),
(20241217,51,5,17,12,4,2024,0,0),
(20241218,51,6,18,12,4,2024,1,0),
(20241219,51,7,19,12,4,2024,1,0),
(20241220,51,1,20,12,4,2024,0,0),
(20241221,52,2,21,12,4,2024,0,0),
(20241222,52,3,22,12,4,2024,0,0),
(20241223,52,4,23,12,4,2024,0,0),
(20241224,52,5,24,12,4,2024,0,0),
(20241225,52,6,25,12,4,2024,1,0),
(20241226,52,7,26,12,4,2024,1,0),
(20241227,52,1,27,12,4,2024,0,0),
(20241228,53,2,28,12,4,2024,0,0),
(20241229,53,3,29,12,4,2024,0,0),
(20241230,53,4,30,12,4,2024,0,0),
(20241231,53,5,31,12,4,2024,0,0);

/*Table structure for table `favor_info` */

CREATE TABLE `favor_info` (
  `id` bigint(20) NOT NULL AUTO_INCREMENT COMMENT '编号',
  `user_id` bigint(20) DEFAULT NULL COMMENT '用户名称',
  `sku_id` bigint(20) DEFAULT NULL COMMENT 'skuid',
  `spu_id` bigint(20) DEFAULT NULL COMMENT '商品id',
  `is_cancel` varchar(1) DEFAULT NULL COMMENT '是否已取消 0 正常 1 已取消',
  `create_time` datetime DEFAULT NULL COMMENT '创建时间',
  `cancel_time` datetime DEFAULT NULL COMMENT '修改时间',
  PRIMARY KEY (`id`)
) ENGINE=InnoDB AUTO_INCREMENT=1245308572119924766 DEFAULT CHARSET=utf8 COMMENT='商品收藏表';

/*Data for the table `favor_info` */

insert  into `favor_info`(`id`,`user_id`,`sku_id`,`spu_id`,`is_cancel`,`create_time`,`cancel_time`) values 
(1245308572090564610,812,11,NULL,'0','2023-04-01 19:14:34',NULL),
(1245308572090564611,675,5,NULL,'0','2023-04-01 19:14:34',NULL),
(1245308572090564612,604,16,NULL,'0','2023-04-01 19:14:34',NULL),
(1245308572090564613,371,10,NULL,'0','2023-04-01 19:14:34',NULL),
(1245308572090564614,661,2,NULL,'1','2023-04-01 19:14:34','2023-04-01 19:14:34'),
(1245308572090564615,529,15,NULL,'0','2023-04-01 19:14:34',NULL),
(1245308572090564616,752,5,NULL,'0','2023-04-01 19:14:34',NULL),
(1245308572103147521,67,16,NULL,'0','2023-04-01 19:14:34',NULL),
(1245308572103147522,112,11,NULL,'1','2023-04-01 19:14:34','2023-04-01 19:14:34'),
(1245308572103147523,690,16,NULL,'1','2023-04-01 19:14:34','2023-04-01 19:14:34'),
(1245308572103147524,345,8,NULL,'0','2023-04-01 19:14:34',NULL),
(1245308572103147525,331,13,NULL,'0','2023-04-01 19:14:34',NULL),
(1245308572103147526,306,10,NULL,'0','2023-04-01 19:14:34',NULL),
(1245308572103147527,547,13,NULL,'0','2023-04-01 19:14:34',NULL),
(1245308572103147528,88,11,NULL,'0','2023-04-01 19:14:34',NULL),
(1245308572103147529,8,7,NULL,'0','2023-04-01 19:14:34',NULL),
(1245308572103147530,45,10,NULL,'0','2023-04-01 19:14:34',NULL),
(1245308572103147531,327,6,NULL,'0','2023-04-01 19:14:34',NULL),
(1245308572103147532,544,3,NULL,'0','2023-04-01 19:14:34',NULL),
(1245308572103147533,848,4,NULL,'1','2023-04-01 19:14:34','2023-04-01 19:14:34'),
(1245308572103147534,707,8,NULL,'0','2023-04-01 19:14:34',NULL),
(1245308572103147535,707,7,NULL,'0','2023-04-01 19:14:34',NULL),
(1245308572103147536,767,13,NULL,'0','2023-04-01 19:14:34',NULL),
(1245308572103147537,641,1,NULL,'0','2023-04-01 19:14:34',NULL),
(1245308572103147538,163,13,NULL,'0','2023-04-01 19:14:34',NULL),
(1245308572103147539,710,2,NULL,'0','2023-04-01 19:14:34',NULL),
(1245308572103147540,434,6,NULL,'0','2023-04-01 19:14:34',NULL),
(1245308572103147541,972,16,NULL,'0','2023-04-01 19:14:34',NULL),
(1245308572103147542,400,2,NULL,'0','2023-04-01 19:14:34',NULL),
(1245308572103147543,590,10,NULL,'0','2023-04-01 19:14:34',NULL),
(1245308572103147544,41,1,NULL,'1','2023-04-01 19:14:34','2023-04-01 19:14:34'),
(1245308572103147545,885,13,NULL,'0','2023-04-01 19:14:34',NULL),
(1245308572111536129,683,1,NULL,'0','2023-04-01 19:14:34',NULL),
(1245308572111536130,124,14,NULL,'0','2023-04-01 19:14:34',NULL),
(1245308572111536131,136,1,NULL,'0','2023-04-01 19:14:34',NULL),
(1245308572111536132,704,3,NULL,'0','2023-04-01 19:14:34',NULL),
(1245308572111536133,51,15,NULL,'0','2023-04-01 19:14:34',NULL),
(1245308572111536134,875,13,NULL,'0','2023-04-01 19:14:34',NULL),
(1245308572111536135,946,3,NULL,'0','2023-04-01 19:14:34',NULL),
(1245308572111536136,339,14,NULL,'0','2023-04-01 19:14:34',NULL),
(1245308572111536137,62,12,NULL,'0','2023-04-01 19:14:34',NULL),
(1245308572111536138,902,5,NULL,'0','2023-04-01 19:14:34',NULL),
(1245308572111536139,997,8,NULL,'0','2023-04-01 19:14:34',NULL),
(1245308572111536140,979,8,NULL,'0','2023-04-01 19:14:34',NULL),
(1245308572111536141,921,4,NULL,'0','2023-04-01 19:14:34',NULL),
(1245308572111536142,774,3,NULL,'0','2023-04-01 19:14:34',NULL),
(1245308572111536143,881,15,NULL,'0','2023-04-01 19:14:34',NULL),
(1245308572111536144,245,15,NULL,'0','2023-04-01 19:14:34',NULL),
(1245308572111536145,273,14,NULL,'0','2023-04-01 19:14:34',NULL),
(1245308572111536146,736,14,NULL,'0','2023-04-01 19:14:34',NULL),
(1245308572111536147,258,2,NULL,'0','2023-04-01 19:14:34',NULL),
(1245308572111536148,843,11,NULL,'0','2023-04-01 19:14:34',NULL),
(1245308572111536149,512,10,NULL,'0','2023-04-01 19:14:34',NULL),
(1245308572111536150,61,7,NULL,'0','2023-04-01 19:14:34',NULL),
(1245308572111536151,177,9,NULL,'0','2023-04-01 19:14:34',NULL),
(1245308572111536152,516,1,NULL,'0','2023-04-01 19:14:34',NULL),
(1245308572111536153,347,4,NULL,'1','2023-04-01 19:14:34','2023-04-01 19:14:34'),
(1245308572111536154,802,14,NULL,'0','2023-04-01 19:14:34',NULL),
(1245308572111536155,524,11,NULL,'0','2023-04-01 19:14:34',NULL),
(1245308572111536156,190,9,NULL,'0','2023-04-01 19:14:34',NULL),
(1245308572111536157,655,12,NULL,'1','2023-04-01 19:14:34','2023-04-01 19:14:34'),
(1245308572111536158,627,10,NULL,'0','2023-04-01 19:14:34',NULL),
(1245308572111536159,842,15,NULL,'0','2023-04-01 19:14:34',NULL),
(1245308572111536160,131,12,NULL,'0','2023-04-01 19:14:34',NULL),
(1245308572111536161,321,2,NULL,'0','2023-04-01 19:14:34',NULL),
(1245308572111536162,118,4,NULL,'0','2023-04-01 19:14:34',NULL),
(1245308572111536163,912,15,NULL,'0','2023-04-01 19:14:34',NULL),
(1245308572111536164,126,4,NULL,'0','2023-04-01 19:14:34',NULL),
(1245308572111536165,960,14,NULL,'0','2023-04-01 19:14:34',NULL),
(1245308572111536166,716,10,NULL,'0','2023-04-01 19:14:34',NULL),
(1245308572111536167,165,16,NULL,'1','2023-04-01 19:14:34','2023-04-01 19:14:34'),
(1245308572119924737,936,6,NULL,'0','2023-04-01 19:14:34',NULL),
(1245308572119924738,749,13,NULL,'0','2023-04-01 19:14:34',NULL),
(1245308572119924739,955,16,NULL,'0','2023-04-01 19:14:34',NULL),
(1245308572119924740,723,1,NULL,'0','2023-04-01 19:14:34',NULL),
(1245308572119924741,910,10,NULL,'0','2023-04-01 19:14:34',NULL),
(1245308572119924742,693,13,NULL,'0','2023-04-01 19:14:34',NULL),
(1245308572119924743,162,9,NULL,'0','2023-04-01 19:14:34',NULL),
(1245308572119924744,698,14,NULL,'0','2023-04-01 19:14:34',NULL),
(1245308572119924745,703,13,NULL,'0','2023-04-01 19:14:34',NULL),
(1245308572119924746,592,4,NULL,'0','2023-04-01 19:14:34',NULL),
(1245308572119924747,289,1,NULL,'0','2023-04-01 19:14:34',NULL),
(1245308572119924748,956,12,NULL,'0','2023-04-01 19:14:34',NULL),
(1245308572119924749,937,7,NULL,'0','2023-04-01 19:14:34',NULL),
(1245308572119924750,364,10,NULL,'0','2023-04-01 19:14:34',NULL),
(1245308572119924751,957,4,NULL,'0','2023-04-01 19:14:34',NULL),
(1245308572119924752,860,6,NULL,'1','2023-04-01 19:14:34','2023-04-01 19:14:34'),
(1245308572119924753,346,9,NULL,'0','2023-04-01 19:14:34',NULL),
(1245308572119924754,849,13,NULL,'0','2023-04-01 19:14:34',NULL),
(1245308572119924755,601,7,NULL,'0','2023-04-01 19:14:34',NULL),
(1245308572119924756,955,2,NULL,'1','2023-04-01 19:14:34','2023-04-01 19:14:34'),
(1245308572119924757,127,12,NULL,'0','2023-04-01 19:14:34',NULL),
(1245308572119924758,369,6,NULL,'1','2023-04-01 19:14:34','2023-04-01 19:14:34'),
(1245308572119924759,574,8,NULL,'0','2023-04-01 19:14:34',NULL),
(1245308572119924760,42,6,NULL,'0','2023-04-01 19:14:34',NULL),
(1245308572119924761,453,16,NULL,'0','2023-04-01 19:14:34',NULL),
(1245308572119924762,777,8,NULL,'0','2023-04-01 19:14:34',NULL),
(1245308572119924763,343,10,NULL,'0','2023-04-01 19:14:34',NULL),
(1245308572119924764,988,2,NULL,'0','2023-04-01 19:14:34',NULL),
(1245308572119924765,193,6,NULL,'0','2023-04-01 19:14:34',NULL);

/*Table structure for table `holiday_info` */

CREATE TABLE `holiday_info` (
  `holiday_id` int(11) NOT NULL,
  `holiday_name` varchar(20) DEFAULT NULL,
  PRIMARY KEY (`holiday_id`)
) ENGINE=InnoDB DEFAULT CHARSET=utf8;

/*Data for the table `holiday_info` */

insert  into `holiday_info`(`holiday_id`,`holiday_name`) values 
(1,'元旦'),
(2,'春节'),
(3,'清明'),
(4,'劳动节'),
(5,'端午节'),
(6,'中秋节'),
(7,'国庆节');

/*Table structure for table `holiday_year` */

CREATE TABLE `holiday_year` (
  `year_id` int(11) DEFAULT NULL,
  `holiday_id` int(11) DEFAULT NULL,
  `start_date_id` int(11) DEFAULT NULL,
  `end_date_id` int(11) DEFAULT NULL
) ENGINE=InnoDB DEFAULT CHARSET=utf8;

/*Data for the table `holiday_year` */

insert  into `holiday_year`(`year_id`,`holiday_id`,`start_date_id`,`end_date_id`) values 
(2023,2,20230204,20230210),
(2023,1,20230101,20230101),
(2023,3,20230405,20230407),
(2023,4,20230429,20230501),
(2023,5,20230607,20230609),
(2023,6,20230913,20230915),
(2023,7,20231001,20231007),
(2024,1,20240101,20240101),
(2024,2,20240119,20240201),
(2024,3,20240404,20240406),
(2024,4,20240501,20240505),
(2024,5,20240625,20240627),
(2024,7,20241001,20241008);

/*Table structure for table `order_detail` */

CREATE TABLE `order_detail` (
  `id` bigint(20) NOT NULL AUTO_INCREMENT COMMENT '编号',
  `order_id` bigint(20) DEFAULT NULL COMMENT '订单编号',
  `sku_id` bigint(20) DEFAULT NULL COMMENT 'sku_id',
  `sku_name` varchar(200) DEFAULT NULL COMMENT 'sku名称（冗余)',
  `img_url` varchar(200) DEFAULT NULL COMMENT '图片名称（冗余)',
  `order_price` decimal(10,2) DEFAULT NULL COMMENT '购买价格(下单时sku价格）',
  `sku_num` varchar(200) DEFAULT NULL COMMENT '购买个数',
  `create_time` datetime DEFAULT NULL COMMENT '创建时间',
  `source_type` varchar(20) DEFAULT NULL COMMENT '来源类型',
  `source_id` bigint(20) DEFAULT NULL COMMENT '来源编号',
  PRIMARY KEY (`id`)
) ENGINE=InnoDB AUTO_INCREMENT=8424 DEFAULT CHARSET=utf8 COMMENT='订单明细表';

/*Data for the table `order_detail` */

insert  into `order_detail`(`id`,`order_id`,`sku_id`,`sku_name`,`img_url`,`order_price`,`sku_num`,`create_time`,`source_type`,`source_id`) values 
(8404,3233,7,'荣耀10青春版 幻彩渐变 2400万AI自拍 全网通版4GB+64GB 渐变蓝 移动联通电信4G全面屏手机 双卡双待','http://IJwhvJSuwaMHaevQQKZUzLkOsvYFiYsRhmLSjpZb',1553.00,'3','2023-04-01 19:14:36','2401',NULL),
(8405,3234,7,'荣耀10青春版 幻彩渐变 2400万AI自拍 全网通版4GB+64GB 渐变蓝 移动联通电信4G全面屏手机 双卡双待','http://IJwhvJSuwaMHaevQQKZUzLkOsvYFiYsRhmLSjpZb',1553.00,'1','2023-04-01 19:14:36','2401',NULL),
(8406,3235,5,'十月稻田 沁州黄小米 (黄小米 五谷杂粮 山西特产 真空装 大米伴侣 粥米搭档) 2.5kg','http://INNButKuTkslasORPBmHACnJuccfsxmRxNuMznPm',244.00,'3','2023-04-01 19:14:36','2403',NULL),
(8407,3236,15,'迪奥（Dior）烈艳蓝金唇膏 口红 3.5g 999号 哑光-经典正红','http://kAXllAQEzJWHwiExxVmyJIABfXyzbKwedeofMqwh',252.00,'1','2023-04-01 19:14:36','2402',83),
(8408,3237,13,'联想(Lenovo)Y9000X 2023新款 15.6英寸高性能标压轻薄本笔记本电脑(i5-9300H 16G 512GSSD FHD)深空灰','http://kAXllAQEzJWHwiExxVmyJIABfXyzbKwedeofMqwh',7299.00,'1','2023-04-01 19:14:36','2401',NULL),
(8409,3238,1,'荣耀10青春版 幻彩渐变 2400万AI自拍 全网通版4GB+64GB 渐变蓝 移动联通电信4G全面屏手机 双卡双待','http://AOvKmfRQEBRJJllwCwCuptVAOtBBcIjWeJRsmhbJ',2220.00,'2','2023-04-01 19:14:36','2401',NULL),
(8410,3239,15,'迪奥（Dior）烈艳蓝金唇膏 口红 3.5g 999号 哑光-经典正红','http://kAXllAQEzJWHwiExxVmyJIABfXyzbKwedeofMqwh',252.00,'2','2023-04-01 19:14:36','2401',NULL),
(8411,3240,1,'荣耀10青春版 幻彩渐变 2400万AI自拍 全网通版4GB+64GB 渐变蓝 移动联通电信4G全面屏手机 双卡双待','http://AOvKmfRQEBRJJllwCwCuptVAOtBBcIjWeJRsmhbJ',2220.00,'1','2023-04-01 19:14:36','2401',NULL),
(8412,3241,6,'北纯精制黄小米（小黄米 月子米 小米粥 粗粮杂粮 大米伴侣）2.18kg','http://lMddjKYNSaxpeAqbkWcxegrrHjayrosVDeLrABhg',145.00,'1','2023-04-01 19:14:36','2401',NULL),
(8413,3242,1,'荣耀10青春版 幻彩渐变 2400万AI自拍 全网通版4GB+64GB 渐变蓝 移动联通电信4G全面屏手机 双卡双待','http://AOvKmfRQEBRJJllwCwCuptVAOtBBcIjWeJRsmhbJ',2220.00,'2','2023-04-01 19:14:36','2401',NULL),
(8414,3243,1,'荣耀10青春版 幻彩渐变 2400万AI自拍 全网通版4GB+64GB 渐变蓝 移动联通电信4G全面屏手机 双卡双待','http://AOvKmfRQEBRJJllwCwCuptVAOtBBcIjWeJRsmhbJ',2220.00,'1','2023-04-01 19:14:36','2404',1),
(8415,3244,13,'联想(Lenovo)Y9000X 2023新款 15.6英寸高性能标压轻薄本笔记本电脑(i5-9300H 16G 512GSSD FHD)深空灰','http://kAXllAQEzJWHwiExxVmyJIABfXyzbKwedeofMqwh',7299.00,'3','2023-04-01 19:14:36','2401',NULL),
(8416,3245,7,'荣耀10青春版 幻彩渐变 2400万AI自拍 全网通版4GB+64GB 渐变蓝 移动联通电信4G全面屏手机 双卡双待','http://IJwhvJSuwaMHaevQQKZUzLkOsvYFiYsRhmLSjpZb',1553.00,'1','2023-04-01 19:14:36','2401',NULL),
(8417,3246,16,'迪奥（Dior）烈艳蓝金唇膏/口红 珊瑚粉 ACTRICE 028号 3.5g','http://kAXllAQEzJWHwiExxVmyJIABfXyzbKwedeofMqwh',235.00,'2','2023-04-01 19:14:36','2401',NULL),
(8418,3247,9,'荣耀10 GT游戏加速 AIS手持夜景 6GB+64GB 幻影蓝全网通 移动联通电信','http://hNuKrFXZgFIzzZxnYeCxEDdJlbAwHUCbBChdXAKZ',2452.00,'2','2023-04-01 19:14:36','2401',NULL),
(8419,3248,9,'荣耀10 GT游戏加速 AIS手持夜景 6GB+64GB 幻影蓝全网通 移动联通电信','http://hNuKrFXZgFIzzZxnYeCxEDdJlbAwHUCbBChdXAKZ',2452.00,'2','2023-04-01 19:14:36','2402',16),
(8420,3249,13,'联想(Lenovo)Y9000X 2023新款 15.6英寸高性能标压轻薄本笔记本电脑(i5-9300H 16G 512GSSD FHD)深空灰','http://kAXllAQEzJWHwiExxVmyJIABfXyzbKwedeofMqwh',7299.00,'2','2023-04-01 19:14:36','2401',NULL),
(8421,3249,12,'联想(Lenovo)拯救者Y7000 英特尔酷睿i7 2023新款 15.6英寸发烧游戏本笔记本电脑（i7-9750H 8GB 512GB SSD GTX1650 4G 高色域','http://kAXllAQEzJWHwiExxVmyJIABfXyzbKwedeofMqwh',6699.00,'2','2023-04-01 19:14:36','2401',NULL),
(8422,3250,10,'小米（MI） 小米路由器4 双千兆路由器 无线家用穿墙1200M高速双频wifi 千兆版 千兆端口光纤适用','http://kAXllAQEzJWHwiExxVmyJIABfXyzbKwedeofMqwh',222.00,'1','2023-04-01 19:14:36','2401',NULL),
(8423,3251,16,'迪奥（Dior）烈艳蓝金唇膏/口红 珊瑚粉 ACTRICE 028号 3.5g','http://kAXllAQEzJWHwiExxVmyJIABfXyzbKwedeofMqwh',235.00,'3','2023-04-01 19:14:36','2404',1);

/*Table structure for table `order_info` */

CREATE TABLE `order_info` (
  `id` bigint(20) NOT NULL AUTO_INCREMENT COMMENT '编号',
  `consignee` varchar(100) DEFAULT NULL COMMENT '收货人',
  `consignee_tel` varchar(20) DEFAULT NULL COMMENT '收件人电话',
  `final_total_amount` decimal(16,2) DEFAULT NULL COMMENT '总金额',
  `order_status` varchar(20) DEFAULT NULL COMMENT '订单状态',
  `user_id` bigint(20) DEFAULT NULL COMMENT '用户id',
  `delivery_address` varchar(1000) DEFAULT NULL COMMENT '送货地址',
  `order_comment` varchar(200) DEFAULT NULL COMMENT '订单备注',
  `out_trade_no` varchar(50) DEFAULT NULL COMMENT '订单交易编号（第三方支付用)',
  `trade_body` varchar(200) DEFAULT NULL COMMENT '订单描述(第三方支付用)',
  `create_time` datetime DEFAULT NULL COMMENT '创建时间',
  `operate_time` datetime DEFAULT NULL COMMENT '操作时间',
  `expire_time` datetime DEFAULT NULL COMMENT '失效时间',
  `tracking_no` varchar(100) DEFAULT NULL COMMENT '物流单编号',
  `parent_order_id` bigint(20) DEFAULT NULL COMMENT '父订单编号',
  `img_url` varchar(200) DEFAULT NULL COMMENT '图片路径',
  `province_id` int(20) DEFAULT NULL COMMENT '地区',
  `benefit_reduce_amount` decimal(16,2) DEFAULT NULL COMMENT '优惠金额',
  `original_total_amount` decimal(16,2) DEFAULT NULL COMMENT '原价金额',
  `feight_fee` decimal(16,2) DEFAULT NULL COMMENT '运费',
  PRIMARY KEY (`id`)
) ENGINE=InnoDB AUTO_INCREMENT=3252 DEFAULT CHARSET=utf8 COMMENT='订单表 订单表';

/*Data for the table `order_info` */

insert  into `order_info`(`id`,`consignee`,`consignee_tel`,`final_total_amount`,`order_status`,`user_id`,`delivery_address`,`order_comment`,`out_trade_no`,`trade_body`,`create_time`,`operate_time`,`expire_time`,`tracking_no`,`parent_order_id`,`img_url`,`province_id`,`benefit_reduce_amount`,`original_total_amount`,`feight_fee`) values 
(3233,'杨婷姣','13762655167',4664.00,'1001',266,'第11大街第27号楼9单元396门','描述895352','595638219658254','荣耀10青春版 幻彩渐变 2400万AI自拍 全网通版4GB+64GB 渐变蓝 移动联通电信4G全面屏手机 双卡双待等3件商品','2023-04-01 19:14:36','2023-04-01 19:14:36','2023-04-01 19:29:36',NULL,NULL,'http://img.gmall.com/833367.jpg',7,0.00,4659.00,5.00),
(3234,'臧佳','13679874540',1566.00,'1001',272,'第14大街第10号楼1单元948门','描述984152','516667413638465','荣耀10青春版 幻彩渐变 2400万AI自拍 全网通版4GB+64GB 渐变蓝 移动联通电信4G全面屏手机 双卡双待等1件商品','2023-04-01 19:14:36','2023-04-01 19:14:36','2023-04-01 19:29:36',NULL,NULL,'http://img.gmall.com/798928.jpg',10,0.00,1553.00,13.00),
(3235,'茅纨仪','13091560705',622.00,'1004',748,'第16大街第13号楼5单元717门','描述968386','865957363296449','十月稻田 沁州黄小米 (黄小米 五谷杂粮 山西特产 真空装 大米伴侣 粥米搭档) 2.5kg等3件商品','2023-04-01 19:14:36','2023-04-01 19:14:36','2023-04-01 19:29:36',NULL,NULL,'http://img.gmall.com/756284.jpg',22,126.00,732.00,16.00),
(3236,'臧鹏','13226352960',245.00,'1004',206,'第7大街第22号楼2单元417门','描述151626','131398189874451','迪奥（Dior）烈艳蓝金唇膏 口红 3.5g 999号 哑光-经典正红等1件商品','2023-04-01 19:14:36','2023-04-01 19:14:36','2023-04-01 19:29:36',NULL,NULL,'http://img.gmall.com/149975.jpg',12,18.00,252.00,11.00),
(3237,'傅璐娅','13443170432',5174.00,'1001',269,'第18大街第17号楼6单元362门','描述464148','683574285461997','联想(Lenovo)Y9000X 2023新款 15.6英寸高性能标压轻薄本笔记本电脑(i5-9300H 16G 512GSSD FHD)深空灰等1件商品','2023-04-01 19:14:36','2023-04-01 19:14:36','2023-04-01 19:29:36',NULL,NULL,'http://img.gmall.com/211123.jpg',11,2144.00,7299.00,19.00),
(3238,'南宫斌梁','13389895378',4450.00,'1001',187,'第19大街第30号楼4单元769门','描述342352','817453336625552','荣耀10青春版 幻彩渐变 2400万AI自拍 全网通版4GB+64GB 渐变蓝 移动联通电信4G全面屏手机 双卡双待等2件商品','2023-04-01 19:14:36','2023-04-01 19:14:36','2023-04-01 19:29:36',NULL,NULL,'http://img.gmall.com/954789.jpg',32,0.00,4440.00,10.00),
(3239,'长孙凝晓','13770310933',465.00,'1005',202,'第12大街第19号楼8单元667门','描述543714','346676813587878','迪奥（Dior）烈艳蓝金唇膏 口红 3.5g 999号 哑光-经典正红等2件商品','2023-04-01 19:14:36','2023-04-01 19:14:36','2023-04-01 19:29:36',NULL,NULL,'http://img.gmall.com/619921.jpg',22,52.00,504.00,13.00),
(3240,'赵秋珊','13682078748',2233.00,'1004',355,'第8大街第11号楼9单元962门','描述422862','455972743836299','荣耀10青春版 幻彩渐变 2400万AI自拍 全网通版4GB+64GB 渐变蓝 移动联通电信4G全面屏手机 双卡双待等1件商品','2023-04-01 19:14:36','2023-04-01 19:14:36','2023-04-01 19:29:36',NULL,NULL,'http://img.gmall.com/465951.jpg',6,0.00,2220.00,13.00),
(3241,'长孙冰','13103058896',150.00,'1001',856,'第7大街第13号楼7单元269门','描述328723','576342164811385','北纯精制黄小米（小黄米 月子米 小米粥 粗粮杂粮 大米伴侣）2.18kg等1件商品','2023-04-01 19:14:36','2023-04-01 19:14:36','2023-04-01 19:29:36',NULL,NULL,'http://img.gmall.com/369799.jpg',32,11.00,145.00,16.00),
(3242,'薛友','13640537063',4449.00,'1001',734,'第9大街第24号楼5单元879门','描述356832','239696364489279','荣耀10青春版 幻彩渐变 2400万AI自拍 全网通版4GB+64GB 渐变蓝 移动联通电信4G全面屏手机 双卡双待等2件商品','2023-04-01 19:14:36','2023-04-01 19:14:36','2023-04-01 19:29:36',NULL,NULL,'http://img.gmall.com/619944.jpg',34,0.00,4440.00,9.00),
(3243,'凤力明','13232600670',2230.00,'1001',160,'第5大街第2号楼7单元118门','描述138458','551838267548496','荣耀10青春版 幻彩渐变 2400万AI自拍 全网通版4GB+64GB 渐变蓝 移动联通电信4G全面屏手机 双卡双待等1件商品','2023-04-01 19:14:36','2023-04-01 19:14:36','2023-04-01 19:29:36',NULL,NULL,'http://img.gmall.com/861185.jpg',31,0.00,2220.00,10.00),
(3244,'葛亮政','13628984751',16584.00,'1001',154,'第1大街第17号楼8单元697门','描述288282','668892788347954','联想(Lenovo)Y9000X 2023新款 15.6英寸高性能标压轻薄本笔记本电脑(i5-9300H 16G 512GSSD FHD)深空灰等3件商品','2023-04-01 19:14:36','2023-04-01 19:14:36','2023-04-01 19:29:36',NULL,NULL,'http://img.gmall.com/296993.jpg',6,5331.00,21897.00,18.00),
(3245,'百里妍茜','13174587908',1569.00,'1004',240,'第7大街第33号楼2单元575门','描述427245','967885335423277','荣耀10青春版 幻彩渐变 2400万AI自拍 全网通版4GB+64GB 渐变蓝 移动联通电信4G全面屏手机 双卡双待等1件商品','2023-04-01 19:14:36','2023-04-01 19:14:36','2023-04-01 19:29:36',NULL,NULL,'http://img.gmall.com/485759.jpg',6,0.00,1553.00,16.00),
(3246,'舒盛','13979299676',322.00,'1004',150,'第8大街第23号楼4单元878门','描述444798','875693982736738','迪奥（Dior）烈艳蓝金唇膏/口红 珊瑚粉 ACTRICE 028号 3.5g等2件商品','2023-04-01 19:14:36','2023-04-01 19:14:36','2023-04-01 19:29:36',NULL,NULL,'http://img.gmall.com/615853.jpg',26,157.00,470.00,9.00),
(3247,'杨有坚','13817191378',4911.00,'1004',569,'第13大街第18号楼4单元497门','描述982211','459121123843162','荣耀10 GT游戏加速 AIS手持夜景 6GB+64GB 幻影蓝全网通 移动联通电信等2件商品','2023-04-01 19:14:36','2023-04-01 19:14:36','2023-04-01 19:29:36',NULL,NULL,'http://img.gmall.com/986213.jpg',20,0.00,4904.00,7.00),
(3248,'令狐群','13907070065',4923.00,'1004',388,'第7大街第13号楼3单元517门','描述387741','667453679874132','荣耀10 GT游戏加速 AIS手持夜景 6GB+64GB 幻影蓝全网通 移动联通电信等2件商品','2023-04-01 19:14:36','2023-04-01 19:14:36','2023-04-01 19:29:36',NULL,NULL,'http://img.gmall.com/727638.jpg',13,0.00,4904.00,19.00),
(3249,'张眉君','13699403908',23703.00,'1001',78,'第3大街第35号楼8单元639门','描述412954','962953266593338','联想(Lenovo)Y9000X 2023新款 15.6英寸高性能标压轻薄本笔记本电脑(i5-9300H 16G 512GSSD FHD)深空灰等4件商品','2023-04-01 19:14:36','2023-04-01 19:14:36','2023-04-01 19:29:36',NULL,NULL,'http://img.gmall.com/515939.jpg',23,4312.00,27996.00,19.00),
(3250,'傅华慧','13058439435',241.00,'1004',2,'第7大街第27号楼9单元247门','描述248683','468825145679955','小米（MI） 小米路由器4 双千兆路由器 无线家用穿墙1200M高速双频wifi 千兆版 千兆端口光纤适用等1件商品','2023-04-01 19:14:36','2023-04-01 19:14:36','2023-04-01 19:29:36',NULL,NULL,'http://img.gmall.com/379934.jpg',7,0.00,222.00,19.00),
(3251,'濮阳江超','13791570828',389.00,'1005',37,'第6大街第10号楼1单元153门','描述116359','729189411798191','迪奥（Dior）烈艳蓝金唇膏/口红 珊瑚粉 ACTRICE 028号 3.5g等3件商品','2023-04-01 19:14:36','2023-04-01 19:14:36','2023-04-01 19:29:36',NULL,NULL,'http://img.gmall.com/356131.jpg',8,333.00,705.00,17.00);

/*Table structure for table `order_refund_info` */

CREATE TABLE `order_refund_info` (
  `id` bigint(20) NOT NULL AUTO_INCREMENT COMMENT '编号',
  `user_id` bigint(20) DEFAULT NULL COMMENT '用户id',
  `order_id` bigint(20) DEFAULT NULL COMMENT '订单编号',
  `sku_id` bigint(20) DEFAULT NULL COMMENT 'skuid',
  `refund_type` varchar(20) DEFAULT NULL COMMENT '退款类型',
  `refund_num` bigint(20) DEFAULT NULL COMMENT '退货件数',
  `refund_amount` decimal(16,2) DEFAULT NULL COMMENT '退款金额',
  `refund_reason_type` varchar(200) DEFAULT NULL COMMENT '原因类型',
  `refund_reason_txt` varchar(20) DEFAULT NULL COMMENT '原因内容',
  `create_time` datetime DEFAULT NULL COMMENT '创建时间',
  PRIMARY KEY (`id`)
) ENGINE=InnoDB AUTO_INCREMENT=365 DEFAULT CHARSET=utf8 COMMENT='退单表';

/*Data for the table `order_refund_info` */

insert  into `order_refund_info`(`id`,`user_id`,`order_id`,`sku_id`,`refund_type`,`refund_num`,`refund_amount`,`refund_reason_type`,`refund_reason_txt`,`create_time`) values 
(363,202,3239,15,'1502',2,504.00,'1302','退款原因具体：7825185374','2023-04-01 19:14:36'),
(364,37,3251,16,'1502',3,705.00,'1303','退款原因具体：6137945750','2023-04-01 19:14:36');

/*Table structure for table `order_status_log` */

CREATE TABLE `order_status_log` (
  `id` bigint(11) NOT NULL AUTO_INCREMENT,
  `order_id` bigint(11) DEFAULT NULL,
  `order_status` varchar(11) DEFAULT NULL,
  `operate_time` datetime DEFAULT NULL,
  PRIMARY KEY (`id`)
) ENGINE=InnoDB AUTO_INCREMENT=77264 DEFAULT CHARSET=utf8;

/*Data for the table `order_status_log` */

insert  into `order_status_log`(`id`,`order_id`,`order_status`,`operate_time`) values 
(77216,3233,'1001','2023-04-01 19:14:36'),
(77217,3234,'1001','2023-04-01 19:14:36'),
(77218,3235,'1001','2023-04-01 19:14:36'),
(77219,3236,'1001','2023-04-01 19:14:36'),
(77220,3237,'1001','2023-04-01 19:14:36'),
(77221,3238,'1001','2023-04-01 19:14:36'),
(77222,3239,'1001','2023-04-01 19:14:36'),
(77223,3240,'1001','2023-04-01 19:14:36'),
(77224,3241,'1001','2023-04-01 19:14:36'),
(77225,3242,'1001','2023-04-01 19:14:36'),
(77226,3243,'1001','2023-04-01 19:14:36'),
(77227,3244,'1001','2023-04-01 19:14:36'),
(77228,3245,'1001','2023-04-01 19:14:36'),
(77229,3246,'1001','2023-04-01 19:14:36'),
(77230,3247,'1001','2023-04-01 19:14:36'),
(77231,3248,'1001','2023-04-01 19:14:36'),
(77232,3249,'1001','2023-04-01 19:14:36'),
(77233,3250,'1001','2023-04-01 19:14:36'),
(77234,3251,'1001','2023-04-01 19:14:36'),
(77235,3233,'1001','2023-04-01 19:14:36'),
(77236,3234,'1001','2023-04-01 19:14:36'),
(77237,3235,'1002','2023-04-01 19:14:36'),
(77238,3236,'1002','2023-04-01 19:14:36'),
(77239,3237,'1001','2023-04-01 19:14:36'),
(77240,3238,'1001','2023-04-01 19:14:36'),
(77241,3239,'1002','2023-04-01 19:14:36'),
(77242,3240,'1002','2023-04-01 19:14:36'),
(77243,3241,'1001','2023-04-01 19:14:36'),
(77244,3242,'1001','2023-04-01 19:14:36'),
(77245,3243,'1001','2023-04-01 19:14:36'),
(77246,3244,'1001','2023-04-01 19:14:36'),
(77247,3245,'1002','2023-04-01 19:14:36'),
(77248,3246,'1002','2023-04-01 19:14:36'),
(77249,3247,'1002','2023-04-01 19:14:36'),
(77250,3248,'1002','2023-04-01 19:14:36'),
(77251,3249,'1001','2023-04-01 19:14:36'),
(77252,3250,'1002','2023-04-01 19:14:36'),
(77253,3251,'1002','2023-04-01 19:14:36'),
(77254,3235,'1004','2023-04-01 19:14:36'),
(77255,3236,'1004','2023-04-01 19:14:36'),
(77256,3239,'1005','2023-04-01 19:14:36'),
(77257,3240,'1004','2023-04-01 19:14:36'),
(77258,3245,'1004','2023-04-01 19:14:36'),
(77259,3246,'1004','2023-04-01 19:14:36'),
(77260,3247,'1004','2023-04-01 19:14:36'),
(77261,3248,'1004','2023-04-01 19:14:36'),
(77262,3250,'1004','2023-04-01 19:14:36'),
(77263,3251,'1005','2023-04-01 19:14:36');

/*Table structure for table `payment_info` */

CREATE TABLE `payment_info` (
  `id` bigint(20) NOT NULL AUTO_INCREMENT COMMENT '编号',
  `out_trade_no` varchar(20) DEFAULT NULL COMMENT '对外业务编号',
  `order_id` bigint(20) DEFAULT NULL COMMENT '订单编号',
  `user_id` bigint(20) DEFAULT NULL COMMENT '用户编号',
  `alipay_trade_no` varchar(100) DEFAULT NULL COMMENT '支付宝交易流水编号',
  `total_amount` decimal(16,2) DEFAULT NULL COMMENT '支付金额',
  `subject` varchar(200) DEFAULT NULL COMMENT '交易内容',
  `payment_type` varchar(20) DEFAULT NULL COMMENT '支付方式',
  `payment_time` datetime DEFAULT NULL COMMENT '支付时间',
  PRIMARY KEY (`id`)
) ENGINE=InnoDB AUTO_INCREMENT=4939 DEFAULT CHARSET=utf8 COMMENT='支付流水表';

/*Data for the table `payment_info` */

insert  into `payment_info`(`id`,`out_trade_no`,`order_id`,`user_id`,`alipay_trade_no`,`total_amount`,`subject`,`payment_type`,`payment_time`) values 
(4929,'865957363296449',3235,748,'5342674377832727185834851955726927',622.00,'十月稻田 沁州黄小米 (黄小米 五谷杂粮 山西特产 真空装 大米伴侣 粥米搭档) 2.5kg等3件商品','1102','2023-04-01 19:14:36'),
(4930,'131398189874451',3236,206,'8471855391196631129718464713426246',245.00,'迪奥（Dior）烈艳蓝金唇膏 口红 3.5g 999号 哑光-经典正红等1件商品','1102','2023-04-01 19:14:36'),
(4931,'346676813587878',3239,202,'2625725314358269531819952337637832',465.00,'迪奥（Dior）烈艳蓝金唇膏 口红 3.5g 999号 哑光-经典正红等2件商品','1102','2023-04-01 19:14:36'),
(4932,'455972743836299',3240,355,'1231796657123754679345126648345479',2233.00,'荣耀10青春版 幻彩渐变 2400万AI自拍 全网通版4GB+64GB 渐变蓝 移动联通电信4G全面屏手机 双卡双待等1件商品','1101','2023-04-01 19:14:36'),
(4933,'967885335423277',3245,240,'9193234578749713967241749385335222',1569.00,'荣耀10青春版 幻彩渐变 2400万AI自拍 全网通版4GB+64GB 渐变蓝 移动联通电信4G全面屏手机 双卡双待等1件商品','1102','2023-04-01 19:14:36'),
(4934,'875693982736738',3246,150,'5135245642733437198252142788227276',322.00,'迪奥（Dior）烈艳蓝金唇膏/口红 珊瑚粉 ACTRICE 028号 3.5g等2件商品','1102','2023-04-01 19:14:36'),
(4935,'459121123843162',3247,569,'4465186233768429916936188635932313',4911.00,'荣耀10 GT游戏加速 AIS手持夜景 6GB+64GB 幻影蓝全网通 移动联通电信等2件商品','1102','2023-04-01 19:14:36'),
(4936,'667453679874132',3248,388,'8917959751471794514191369712582469',4923.00,'荣耀10 GT游戏加速 AIS手持夜景 6GB+64GB 幻影蓝全网通 移动联通电信等2件商品','1102','2023-04-01 19:14:36'),
(4937,'468825145679955',3250,2,'1227786495625313221931491828359541',241.00,'小米（MI） 小米路由器4 双千兆路由器 无线家用穿墙1200M高速双频wifi 千兆版 千兆端口光纤适用等1件商品','1102','2023-04-01 19:14:36'),
(4938,'729189411798191',3251,37,'3273693885563986743358366943586257',389.00,'迪奥（Dior）烈艳蓝金唇膏/口红 珊瑚粉 ACTRICE 028号 3.5g等3件商品','1102','2023-04-01 19:14:36');

/*Table structure for table `sku_info` */

CREATE TABLE `sku_info` (
  `id` bigint(20) NOT NULL AUTO_INCREMENT COMMENT 'skuid(itemID)',
  `spu_id` bigint(20) DEFAULT NULL COMMENT 'spuid',
  `price` decimal(10,0) DEFAULT NULL COMMENT '价格',
  `sku_name` varchar(200) DEFAULT NULL COMMENT 'sku名称',
  `sku_desc` varchar(2000) DEFAULT NULL COMMENT '商品规格描述',
  `weight` decimal(10,2) DEFAULT NULL COMMENT '重量',
  `tm_id` bigint(20) DEFAULT NULL COMMENT '品牌(冗余)',
  `category3_id` bigint(20) DEFAULT NULL COMMENT '三级分类id（冗余)',
  `sku_default_img` varchar(200) DEFAULT NULL COMMENT '默认显示图片(冗余)',
  `create_time` datetime DEFAULT NULL COMMENT '创建时间',
  PRIMARY KEY (`id`)
) ENGINE=InnoDB AUTO_INCREMENT=17 DEFAULT CHARSET=utf8 COMMENT='库存单元表';

/*Data for the table `sku_info` */

insert  into `sku_info`(`id`,`spu_id`,`price`,`sku_name`,`sku_desc`,`weight`,`tm_id`,`category3_id`,`sku_default_img`,`create_time`) values 
(1,1,2220,'荣耀10青春版 幻彩渐变 2400万AI自拍 全网通版4GB+64GB 渐变蓝 移动联通电信4G全面屏手机 双卡双待','荣耀10青春版 幻彩渐变 2400万AI自拍 全网通版4GB+64GB 渐变蓝 移动联通电信4G全面屏手机 双卡双待',0.24,2,61,'http://AOvKmfRQEBRJJllwCwCuptVAOtBBcIjWeJRsmhbJ','2023-02-14 21:25:54'),
(2,2,3321,'TCL 55A950C 55英寸32核人工智能 HDR曲面超薄4K电视金属机身（枪色）','TCL 55A950C 55英寸32核人工智能 HDR曲面超薄4K电视金属机身（枪色）',15.24,4,86,'http://JfJSvAnPkErYPcUsbgCuokhjxKiLeqpDXakZqFeE','2023-02-14 21:25:54'),
(3,3,3100,'小米（MI）电视 55英寸曲面4K智能WiFi网络液晶电视机4S L55M5-AQ 小米电视4S 55英寸 曲面','小米（MI）电视 55英寸曲面4K智能WiFi网络液晶电视机4S L55M5-AQ 小米电视4S 55英寸 曲面',15.24,1,86,'http://LzpblavcZQeYEbwbSjsnmsgAjtpudhDradqsRgdZ','2023-02-14 21:25:54'),
(4,4,1442,'小米Play 流光渐变AI双摄 4GB+64GB 梦幻蓝 全网通4G 双卡双待 小水滴全面屏拍照游戏智能手机','小米Play 流光渐变AI双摄 4GB+64GB 梦幻蓝 全网通4G 双卡双待 小水滴全面屏拍照游戏智能手机',0.24,1,61,'http://SXlkutIjYpDWWTEpNUiisnlsevOHVElrdngQLgyZ','2023-02-14 21:25:54'),
(5,5,244,'十月稻田 沁州黄小米 (黄小米 五谷杂粮 山西特产 真空装 大米伴侣 粥米搭档) 2.5kg','十月稻田 沁州黄小米 (黄小米 五谷杂粮 山西特产 真空装 大米伴侣 粥米搭档) 2.5kg',2.50,5,803,'http://INNButKuTkslasORPBmHACnJuccfsxmRxNuMznPm','2023-02-14 21:25:54'),
(6,6,145,'北纯精制黄小米（小黄米 月子米 小米粥 粗粮杂粮 大米伴侣）2.18kg','北纯 精制 黄小米（小黄米 月子米 小米粥 粗粮杂粮 大米伴侣）2.18kg',2.20,5,803,'http://lMddjKYNSaxpeAqbkWcxegrrHjayrosVDeLrABhg','2023-02-14 21:25:54'),
(7,1,1553,'荣耀10青春版 幻彩渐变 2400万AI自拍 全网通版4GB+64GB 渐变蓝 移动联通电信4G全面屏手机 双卡双待','荣耀10青春版 幻彩渐变 2400万AI自拍 全网通版4GB+64GB 渐变蓝 移动联通电信4G全面屏手机 双卡双待',0.24,2,61,'http://IJwhvJSuwaMHaevQQKZUzLkOsvYFiYsRhmLSjpZb','2023-02-14 21:25:54'),
(8,7,8900,'Apple iPhoneXSMax (A2104) 256GB 深空灰色 移动联通电信4G手机 双卡双待','Apple iPhone XS Max (A2104) 256GB 深空灰色 移动联通电信4G手机 双卡双待',0.24,3,61,'http://RFCTOnWWRtrJdygmPqiUXdBvyhqiTTOnXYagFJDP','2023-02-14 21:25:54'),
(9,8,2452,'荣耀10 GT游戏加速 AIS手持夜景 6GB+64GB 幻影蓝全网通 移动联通电信','荣耀10 GT游戏加速 AIS手持夜景 6GB+64GB 幻影蓝全网通 移动联通电信',0.24,2,61,'http://hNuKrFXZgFIzzZxnYeCxEDdJlbAwHUCbBChdXAKZ','2023-02-14 21:25:54'),
(10,9,222,'小米（MI） 小米路由器4 双千兆路由器 无线家用穿墙1200M高速双频wifi 千兆版 千兆端口光纤适用','小米（MI） 小米路由器4 双千兆路由器 无线家用穿墙1200M高速双频wifi 千兆版 千兆端口光纤适用',1.24,1,329,'http://kAXllAQEzJWHwiExxVmyJIABfXyzbKwedeofMqwh','2023-02-14 21:25:54'),
(11,10,6399,'联想(Lenovo)拯救者Y7000 2023新款 15.6英寸游戏本笔记本电脑（i7-9750H 8GB 1TB+256GB GTX1650 4G独显 黑）','联想(Lenovo) 拯救者Y7000 2023新款 15.6英寸游戏本笔记本电脑（i7-9750H 8GB 1TB+256GB GTX1650 4G独显 黑）',4.25,6,285,'http://kAXllAQEzJWHwiExxVmyJIABfXyzbKwedeofMqwh','2023-03-27 11:21:13'),
(12,10,6699,'联想(Lenovo)拯救者Y7000 英特尔酷睿i7 2023新款 15.6英寸发烧游戏本笔记本电脑（i7-9750H 8GB 512GB SSD GTX1650 4G 高色域','联想(Lenovo) 拯救者Y7000 英特尔酷睿i7 2023新款 15.6英寸发烧游戏本笔记本电脑（i7-9750H 8GB 512GB SSD GTX1650 4G 高色域',4.25,6,285,'http://kAXllAQEzJWHwiExxVmyJIABfXyzbKwedeofMqwh','2023-03-27 11:21:13'),
(13,10,7299,'联想(Lenovo)Y9000X 2023新款 15.6英寸高性能标压轻薄本笔记本电脑(i5-9300H 16G 512GSSD FHD)深空灰','联想(Lenovo) Y9000X 2023新款 15.6英寸高性能标压轻薄本笔记本电脑(i5-9300H 16G 512GSSD FHD)深空灰',4.25,6,285,'http://kAXllAQEzJWHwiExxVmyJIABfXyzbKwedeofMqwh','2023-03-27 11:21:13'),
(14,11,496,'Dior迪奥口红唇膏送女友老婆礼物生日礼物 烈艳蓝金999+888两支装礼盒','【专柜正品】Dior迪奥口红唇膏送女友老婆礼物生日礼物 烈艳蓝金999+888两支装礼盒',0.01,7,477,'http://kAXllAQEzJWHwiExxVmyJIABfXyzbKwedeofMqwh','2023-03-27 11:21:13'),
(15,12,252,'迪奥（Dior）烈艳蓝金唇膏 口红 3.5g 999号 哑光-经典正红','迪奥（Dior）烈艳蓝金唇膏 口红 3.5g 999号 哑光-经典正红',0.00,7,477,'http://kAXllAQEzJWHwiExxVmyJIABfXyzbKwedeofMqwh','2023-03-27 11:21:13'),
(16,12,235,'迪奥（Dior）烈艳蓝金唇膏/口红 珊瑚粉 ACTRICE 028号 3.5g','迪奥（Dior）烈艳蓝金唇膏/口红 珊瑚粉 ACTRICE 028号 3.5g',0.00,7,477,'http://kAXllAQEzJWHwiExxVmyJIABfXyzbKwedeofMqwh','2023-03-27 11:21:13');

/*Table structure for table `spu_info` */

CREATE TABLE `spu_info` (
  `id` bigint(20) NOT NULL AUTO_INCREMENT COMMENT '商品id',
  `spu_name` varchar(200) DEFAULT NULL COMMENT '商品名称',
  `description` varchar(1000) DEFAULT NULL COMMENT '商品描述(后台简述）',
  `category3_id` bigint(20) DEFAULT NULL COMMENT '三级分类id',
  `tm_id` bigint(20) DEFAULT NULL COMMENT '品牌id',
  PRIMARY KEY (`id`)
) ENGINE=InnoDB AUTO_INCREMENT=13 DEFAULT CHARSET=utf8 COMMENT='商品表';

/*Data for the table `spu_info` */

insert  into `spu_info`(`id`,`spu_name`,`description`,`category3_id`,`tm_id`) values 
(1,'荣耀10青春版 幻彩渐变 ','共2个sku',61,2),
(2,'TCL 55A950C ','共1个sku',86,4),
(3,'小米（MI）电视 ','共1个sku',86,1),
(4,'小米Play 流光渐变AI双摄 ','共1个sku',61,1),
(5,'十月稻田 沁州黄小米 ','共1个sku',803,5),
(6,'北纯精制黄小米（小黄米 ','共1个sku',803,5),
(7,'Apple iPhoneXSMax ','共1个sku',61,3),
(8,'荣耀10 GT游戏加速 ','共1个sku',61,2),
(9,'小米（MI） 小米路由器4 ','共1个sku',329,1),
(10,'联想(Lenovo)拯救者Y7000 ','共3个sku',285,6),
(11,'Dior迪奥 口红唇膏 两支装礼盒','共1个sku',477,7),
(12,'迪奥（Dior）烈艳蓝金唇膏/口红','共2个sku',477,7);

/*Table structure for table `user_info` */

CREATE TABLE `user_info` (
  `id` bigint(20) NOT NULL AUTO_INCREMENT COMMENT '编号',
  `login_name` varchar(200) DEFAULT NULL COMMENT '用户名称',
  `nick_name` varchar(200) DEFAULT NULL COMMENT '用户昵称',
  `passwd` varchar(200) DEFAULT NULL COMMENT '用户密码',
  `name` varchar(200) DEFAULT NULL COMMENT '用户姓名',
  `phone_num` varchar(200) DEFAULT NULL COMMENT '手机号',
  `email` varchar(200) DEFAULT NULL COMMENT '邮箱',
  `head_img` varchar(200) DEFAULT NULL COMMENT '头像',
  `user_level` varchar(200) DEFAULT NULL COMMENT '用户级别',
  `birthday` date DEFAULT NULL COMMENT '用户生日',
  `gender` varchar(1) DEFAULT NULL COMMENT '性别 M男,F女',
  `create_time` datetime DEFAULT NULL COMMENT '创建时间',
  `operate_time` datetime DEFAULT NULL COMMENT '修改时间',
  PRIMARY KEY (`id`)
) ENGINE=InnoDB AUTO_INCREMENT=1001 DEFAULT CHARSET=utf8 COMMENT='用户表';

/*Data for the table `user_info` */

insert  into `user_info`(`id`,`login_name`,`nick_name`,`passwd`,`name`,`phone_num`,`email`,`head_img`,`user_level`,`birthday`,`gender`,`create_time`,`operate_time`) values 
(1,'hlq0bf5htuxc','涵涵',NULL,'独孤涵','13852975594','hlq0bf5htuxc@ask.com',NULL,'1','1983-04-01','F','2023-04-01 19:14:28',NULL),
(2,'4eq3jjd','星光',NULL,'孟星光','13533896438','4eq3jjd@0355.net',NULL,'3','1967-04-01','M','2023-04-01 19:14:28',NULL),
(3,'ejnxic6irxl','霄霄',NULL,'康霄','13576655523','ejnxic6irxl@163.com',NULL,'1','1986-04-01','F','2023-04-01 19:14:28',NULL),
(4,'0hkye5','琼勤',NULL,'何琼勤','13165956671','0hkye5@sohu.com',NULL,'1','1972-04-01','F','2023-04-01 19:14:28',NULL),
(5,'sva9ryds1','阿胜',NULL,'唐胜','13371712261','sva9ryds1@3721.net',NULL,'1','1992-04-01','M','2023-04-01 19:14:28',NULL),
(6,'5oe1ch','艺欣',NULL,'汤艺欣','13862352192','5oe1ch@3721.net',NULL,'1','1978-04-01','F','2023-04-01 19:14:28',NULL),
(7,'yv77qc0','卿卿',NULL,'毕卿','13478341369','yv77qc0@hotmail.com',NULL,'1','1971-04-01','F','2023-04-01 19:14:28',NULL),
(8,'guyqg7tjhivu','群豪',NULL,'尹群豪','13211581247','guyqg7tjhivu@msn.com',NULL,'1','2005-04-01','M','2023-04-01 19:14:28',NULL),
(9,'g9iw0w32hky','桂娣',NULL,'邬桂娣','13318997815','g9iw0w32hky@qq.com',NULL,'2','1995-04-01','F','2023-04-01 19:14:28',NULL),
(10,'2aqbydqk4','馥筠',NULL,'韩馥筠','13723683194','2aqbydqk4@live.com',NULL,'1','2000-04-01','F','2023-04-01 19:14:28',NULL)
;